Player,Nation,Age,Squad,Grupo_Posicao,90s,Gls,Ast,Sh,SoT,CrdY,CrdR,Golos_Equipa,Remates_Equipa,%Golos_Equipa,%Remates_Equipa,%_G+A_Equipa,%_Pontaria,Golos_por_Remate,Golos_por_Remate_Enquadrado,Indice_Conversao_Relativa_Equipa,Remates/90,G+A s/ Penáltis/90,Ast_por_Crz_%,Cruzamentos/90,Ações_Defensivas/90,TklW_por_Falta,Faltas/90,Cartões/90,Indice_Disciplinar,rating,estilo
Rodrigo Abascal,uy URU,31,Vit. Guimarães,DEF,25.2,1,2,15,2,6,0,33,390,3.0303030303030303,3.8461538461538463,9.090909090909092,13.333333333333334,0.06666666666666667,0.5,0.7878787878787878,0.5952380952380952,0.11904761904761905,5.263157894736842,1.507936507936508,1.9841269841269842,0.5806451612903226,1.2301587301587302,0.2380952380952381,0.2380952380952381,48.4,Defesas Puros
Telmo Arcanjo,cv CPV,24,Vit. Guimarães,MID,13.8,1,0,27,9,2,1,33,390,3.0303030303030303,6.923076923076923,3.0303030303030303,33.33333333333333,0.037037037037037035,0.1111111111111111,0.4377104377104377,1.9565217391304346,0.07246376811594203,0.0,6.304347826086956,1.8115942028985506,0.9375,1.1594202898550725,0.21739130434782608,0.36231884057971014,42.9,Criadores pelos Corredores
Thiago Balieiro,br BRA,22,Vit. Guimarães,DEF,13.0,1,0,11,4,5,0,33,390,3.0303030303030303,2.8205128205128207,3.0303030303030303,36.36363636363637,0.09090909090909091,0.25,1.0743801652892562,0.8461538461538461,0.07692307692307693,0.0,0.0,2.3846153846153846,0.8,1.5384615384615385,0.38461538461538464,0.38461538461538464,46.6,Contenção / Box-to-Box Defensivo
Beni,ao ANG,23,Vit. Guimarães,MID,24.9,1,1,8,2,7,0,33,390,3.0303030303030303,2.051282051282051,6.0606060606060606,25.0,0.125,0.5,1.4772727272727273,0.321285140562249,0.08032128514056225,11.11111111111111,0.3614457831325301,2.4096385542168677,0.8709677419354839,1.244979919678715,0.28112449799196787,0.28112449799196787,46.1,Contenção / Box-to-Box Defensivo
Oumar Camara,fr FRA,18,Vit. Guimarães,MID,16.7,5,2,25,10,2,0,33,390,15.151515151515152,6.41025641025641,21.21212121212121,40.0,0.2,0.5,2.3636363636363638,1.4970059880239521,0.3592814371257485,8.333333333333332,1.437125748502994,0.7784431137724551,0.5294117647058824,1.0179640718562875,0.11976047904191617,0.11976047904191617,50.6,Finalizadores
Diogo Lobão,pt POR,19,Vit. Guimarães,MID,12.9,1,1,24,9,5,0,33,390,3.0303030303030303,6.153846153846154,6.0606060606060606,37.5,0.041666666666666664,0.1111111111111111,0.4924242424242424,1.8604651162790697,0.15503875968992248,5.88235294117647,1.317829457364341,2.7131782945736433,0.6666666666666666,2.3255813953488373,0.38759689922480617,0.38759689922480617,56.3,Contribuição Larga (Cruzamento + Trabalho Defensivo)
Miguel Maga,pt POR,22,Vit. Guimarães,DEF,17.4,0,0,3,0,5,0,33,390,0.0,0.7692307692307693,0.0,0.0,0.0,0.0,0.0,0.1724137931034483,0.0,0.0,1.8965517241379313,1.8390804597701151,0.7368421052631579,1.0919540229885059,0.2873563218390805,0.2873563218390805,46.7,Defesas Puros
João Mendes,pt POR,25,Vit. Guimarães,DEF,27.0,1,1,30,5,7,0,33,390,3.0303030303030303,7.6923076923076925,6.0606060606060606,16.666666666666664,0.03333333333333333,0.2,0.3939393939393939,1.1111111111111112,0.037037037037037035,1.282051282051282,2.888888888888889,2.3333333333333335,0.9722222222222222,1.3333333333333333,0.25925925925925924,0.25925925925925924,56.0,Defesas Puros
Alioune Ndoye,sn SEN,23,Vit. Guimarães,FWD,10.7,2,1,39,10,2,0,33,390,6.0606060606060606,10.0,9.090909090909092,25.64102564102564,0.05128205128205128,0.2,0.6060606060606061,3.6448598130841123,0.28037383177570097,33.33333333333333,0.28037383177570097,0.5607476635514019,0.2,1.869158878504673,0.1869158878504673,0.1869158878504673,48.0,Finalizadores
Miguel Nóbrega,pt POR,25,Vit. Guimarães,DEF,11.1,1,0,9,1,1,0,33,390,3.0303030303030303,2.307692307692308,3.0303030303030303,11.11111111111111,0.1111111111111111,1.0,1.313131313131313,0.8108108108108109,0.0900900900900901,0.0,0.2702702702702703,1.1711711711711712,0.23076923076923078,1.1711711711711712,0.0900900900900901,0.0900900900900901,41.4,Defesas Puros
Gonçalo Nogueira,pt POR,21,Vit. Guimarães,MID,14.9,0,4,8,1,2,0,33,390,0.0,2.051282051282051,12.121212121212121,12.5,0.0,0.0,0.0,0.5369127516778524,0.2684563758389262,133.33333333333331,0.20134228187919462,2.5503355704697985,0.84375,2.1476510067114094,0.1342281879194631,0.1342281879194631,68.1,Defesas Puros
Nélson Oliveira,pt POR,33,Vit. Guimarães,FWD,14.6,3,0,31,11,3,1,33,390,9.090909090909092,7.948717948717948,9.090909090909092,35.483870967741936,0.0967741935483871,0.2727272727272727,1.1436950146627567,2.1232876712328768,0.20547945205479454,0.0,0.547945205479452,0.136986301369863,0.0,1.3013698630136987,0.273972602739726,0.4109589041095891,43.1,Finalizadores
Óscar Rivas,es ESP,25,Vit. Guimarães,DEF,18.0,1,0,13,4,1,0,33,390,3.0303030303030303,3.3333333333333335,3.0303030303030303,30.76923076923077,0.07692307692307693,0.25,0.9090909090909091,0.7222222222222222,0.05555555555555555,0.0,0.16666666666666666,2.1666666666666665,0.5294117647058824,0.9444444444444444,0.05555555555555555,0.05555555555555555,55.0,Contenção / Box-to-Box Defensivo
Samu,pt POR,29,Vit. Guimarães,MID,22.5,7,3,46,19,4,0,33,390,21.21212121212121,11.794871794871794,30.303030303030305,41.30434782608695,0.15217391304347827,0.3684210526315789,1.7984189723320159,2.0444444444444443,0.35555555555555557,2.7777777777777777,4.8,2.0444444444444443,0.7272727272727273,1.9555555555555555,0.17777777777777778,0.17777777777777778,60.4,Criadores pelos Corredores
Noah Saviolo,pt POR,21,Vit. Guimarães,MID,21.7,2,4,33,12,2,0,33,390,6.0606060606060606,8.461538461538462,18.181818181818183,36.36363636363637,0.06060606060606061,0.16666666666666666,0.7162534435261708,1.5207373271889402,0.2764976958525346,4.705882352941177,3.9170506912442398,0.6912442396313364,0.3939393939393939,1.5207373271889402,0.09216589861751152,0.09216589861751152,44.3,Criadores pelos Corredores
Gustavo da Silva,br BRA,26,Vit. Guimarães,FWD,16.2,5,2,53,16,3,0,33,390,15.151515151515152,13.58974358974359,21.21212121212121,30.18867924528302,0.09433962264150944,0.3125,1.1149228130360207,3.2716049382716053,0.4320987654320988,10.526315789473683,1.1728395061728396,1.8518518518518519,0.42857142857142855,1.7283950617283952,0.1851851851851852,0.1851851851851852,50.8,Finalizadores
Tony Strata,ro ROU,20,Vit. Guimarães,DEF,15.6,1,1,15,4,3,0,33,390,3.0303030303030303,3.8461538461538463,6.0606060606060606,26.666666666666668,0.06666666666666667,0.25,0.7878787878787878,0.9615384615384616,0.12820512820512822,1.5151515151515151,4.230769230769231,2.6923076923076925,0.7307692307692307,1.6666666666666667,0.19230769230769232,0.19230769230769232,62.1,Contribuição Larga (Cruzamento + Trabalho Defensivo)
Nelson Abbey,eng ENG,21,Rio Ave,DEF,23.1,0,1,4,1,4,0,33,307,0.0,1.3029315960912053,3.0303030303030303,25.0,0.0,0.0,0.0,0.17316017316017315,0.04329004329004329,5.263157894736842,0.8225108225108224,2.4242424242424243,2.3076923076923075,0.5627705627705627,0.17316017316017315,0.17316017316017315,68.0,Contenção / Box-to-Box Defensivo
Brandon Aguilera,cr CRC,22,Rio Ave,MID,15.2,1,0,14,5,4,0,33,307,3.0303030303030303,4.5602605863192185,3.0303030303030303,35.714285714285715,0.07142857142857142,0.2,0.6645021645021645,0.9210526315789475,0.06578947368421052,0.0,2.697368421052632,1.7105263157894737,0.5882352941176471,1.118421052631579,0.2631578947368421,0.2631578947368421,42.9,Contribuição Larga (Cruzamento + Trabalho Defensivo)
Nicolaos Athanasiou,gr GRE,24,Rio Ave,MID,14.5,0,1,6,0,1,0,33,307,0.0,1.9543973941368076,3.0303030303030303,0.0,0.0,0.0,0.0,0.41379310344827586,0.06896551724137931,1.694915254237288,4.068965517241379,1.793103448275862,1.1538461538461537,0.896551724137931,0.06896551724137931,0.06896551724137931,28.2,Defesas Puros
Diogo Bezerra,br BRA,23,Rio Ave,MID,14.0,1,2,27,9,3,0,33,307,3.0303030303030303,8.794788273615636,9.090909090909092,33.33333333333333,0.037037037037037035,0.1111111111111111,0.3445566778900112,1.9285714285714286,0.21428571428571427,1.6260162601626018,8.785714285714286,1.0,0.5,1.0,0.21428571428571427,0.21428571428571427,42.5,Criadores pelos Corredores
Jalen Blesa,es ESP,24,Rio Ave,FWD,11.9,7,0,23,14,1,0,33,307,21.21212121212121,7.491856677524431,21.21212121212121,60.86956521739131,0.30434782608695654,0.5,2.8313570487483526,1.9327731092436975,0.5042016806722689,0.0,0.5042016806722689,1.3445378151260503,0.7142857142857143,1.1764705882352942,0.08403361344537814,0.08403361344537814,58.3,Finalizadores
Jakub Brabec,cz CZE,32,Rio Ave,DEF,23.9,1,0,5,1,4,0,33,307,3.0303030303030303,1.6286644951140066,3.0303030303030303,20.0,0.2,1.0,1.8606060606060606,0.2092050209205021,0.041841004184100423,0.0,0.08368200836820085,2.1338912133891212,1.7272727272727273,0.46025104602510464,0.1673640167364017,0.1673640167364017,59.7,Contenção / Box-to-Box Defensivo
Clayton,br BRA,26,Rio Ave,FWD,17.7,10,4,43,23,8,1,33,307,30.303030303030305,14.006514657980457,42.42424242424242,53.48837209302325,0.23255813953488372,0.43478260869565216,2.1634954193093727,2.4293785310734464,0.6779661016949153,80.0,0.2824858757062147,0.16949152542372883,0.047619047619047616,2.3728813559322033,0.5084745762711864,0.6214689265536724,61.8,Finalizadores
André Inácio,br BRA,23,Rio Ave,FWD,16.6,7,5,43,19,3,0,33,307,21.21212121212121,14.006514657980457,36.36363636363637,44.18604651162791,0.16279069767441862,0.3684210526315789,1.5144467935165609,2.5903614457831323,0.7228915662650601,20.833333333333336,1.4457831325301203,0.7228915662650601,0.9090909090909091,0.6626506024096385,0.18072289156626503,0.18072289156626503,56.6,Finalizadores
Gustavo Mancha,br BRA,21,Rio Ave,DEF,14.0,0,0,2,0,4,0,33,307,0.0,0.6514657980456027,0.0,0.0,0.0,0.0,0.0,0.14285714285714285,0.0,0.0,0.07142857142857142,1.4285714285714286,0.7777777777777778,0.6428571428571429,0.2857142857142857,0.2857142857142857,40.5,Defesas Puros
Tamás Nikitscher,hu HUN,25,Rio Ave,MID,15.4,1,1,10,2,6,1,33,307,3.0303030303030303,3.257328990228013,6.0606060606060606,20.0,0.1,0.5,0.9303030303030303,0.6493506493506493,0.12987012987012986,25.0,0.2597402597402597,3.2467532467532467,0.5454545454545454,2.142857142857143,0.45454545454545453,0.5844155844155844,54.8,Contenção / Box-to-Box Defensivo
Andreas Ntoi,gr GRE,22,Rio Ave,MID,26.0,1,2,22,4,9,0,33,307,3.0303030303030303,7.166123778501629,9.090909090909092,18.181818181818183,0.045454545454545456,0.25,0.4228650137741046,0.8461538461538461,0.11538461538461539,200.0,0.038461538461538464,1.9230769230769231,0.5434782608695652,1.7692307692307692,0.34615384615384615,0.34615384615384615,69.5,Contenção / Box-to-Box Defensivo
Jonathan Panzo,eng ENG,24,Rio Ave,DEF,12.2,0,0,5,1,3,1,33,307,0.0,1.6286644951140066,0.0,20.0,0.0,0.0,0.0,0.4098360655737705,0.0,0.0,0.0819672131147541,2.6229508196721314,0.7222222222222222,1.4754098360655739,0.3278688524590164,0.49180327868852464,50.7,Defesas Puros
Francisco Petrasso,ar ARG,23,Rio Ave,DEF,16.0,0,0,4,1,7,1,33,307,0.0,1.3029315960912053,0.0,25.0,0.0,0.0,0.0,0.25,0.0,0.0,0.0625,1.3125,0.65,1.25,0.5,0.625,30.1,Contenção / Box-to-Box Defensivo
Ole Pohlmann,de GER,24,Rio Ave,FWD,19.1,1,1,24,7,2,0,33,307,3.0303030303030303,7.81758957654723,6.0606060606060606,29.166666666666668,0.041666666666666664,0.14285714285714285,0.38762626262626265,1.256544502617801,0.10471204188481674,2.941176470588235,1.7801047120418847,1.3612565445026177,0.9444444444444444,0.9424083769633507,0.10471204188481674,0.10471204188481674,34.9,Contribuição Larga (Cruzamento + Trabalho Defensivo)
Dario Špikić,hr CRO,26,Rio Ave,MID,19.8,2,3,31,10,1,0,33,307,6.0606060606060606,10.097719869706841,15.151515151515152,32.25806451612903,0.06451612903225806,0.2,0.6001955034213098,1.5656565656565655,0.25252525252525254,15.789473684210526,0.9595959595959596,1.9696969696969697,0.6216216216216216,1.8686868686868687,0.050505050505050504,0.050505050505050504,53.5,Contenção / Box-to-Box Defensivo
Marious Vrousai,gr GRE,27,Rio Ave,MID,28.0,1,2,44,18,5,1,33,307,3.0303030303030303,14.332247557003258,9.090909090909092,40.909090909090914,0.022727272727272728,0.05555555555555555,0.2114325068870523,1.5714285714285714,0.10714285714285714,3.125,2.2857142857142856,4.035714285714286,1.6571428571428573,1.25,0.21428571428571427,0.2857142857142857,66.1,Contribuição Larga (Cruzamento + Trabalho Defensivo)
Sabit Abdulai,gh GHA,26,Alverca,MID,12.9,0,1,11,3,5,1,30,264,0.0,4.166666666666666,3.3333333333333335,27.27272727272727,0.0,0.0,0.0,0.8527131782945736,0.07751937984496124,50.0,0.15503875968992248,1.937984496124031,0.7368421052631579,1.4728682170542635,0.46511627906976744,0.6201550387596899,49.1,Contenção / Box-to-Box Defensivo
Amorim,br BRA,20,Alverca,MID,18.0,2,0,17,6,3,0,30,264,6.666666666666667,6.4393939393939394,6.666666666666667,35.294117647058826,0.11764705882352941,0.3333333333333333,1.035294117647059,0.9444444444444444,0.1111111111111111,0.0,0.7777777777777778,2.4444444444444446,1.2,1.3888888888888888,0.16666666666666666,0.16666666666666666,50.5,Contenção / Box-to-Box Defensivo
Chiquinho,pt POR,25,Alverca,FWD,16.4,2,4,24,6,6,0,30,264,6.666666666666667,9.090909090909092,20.0,25.0,0.08333333333333333,0.3333333333333333,0.7333333333333333,1.4634146341463417,0.30487804878048785,5.555555555555555,4.390243902439025,1.402439024390244,0.5333333333333333,1.829268292682927,0.3658536585365854,0.3658536585365854,41.1,Criadores pelos Corredores
Francisco Chissumba,pt POR,20,Alverca,MID,16.8,0,0,7,1,3,0,30,264,0.0,2.6515151515151514,0.0,14.285714285714285,0.0,0.0,0.0,0.41666666666666663,0.0,0.0,1.726190476190476,2.380952380952381,0.9230769230769231,1.5476190476190474,0.17857142857142858,0.17857142857142858,36.2,Defesas Puros
Figueiredo,br BRA,23,Alverca,FWD,20.8,6,2,42,19,3,0,30,264,20.0,15.909090909090908,26.666666666666668,45.23809523809524,0.14285714285714285,0.3157894736842105,1.2571428571428571,2.019230769230769,0.3846153846153846,3.8461538461538463,2.5,1.25,0.5714285714285714,1.346153846153846,0.14423076923076922,0.14423076923076922,47.5,Finalizadores
Sergi Gómez,es ESP,33,Alverca,DEF,27.6,0,0,3,1,1,0,30,264,0.0,1.1363636363636365,0.0,33.33333333333333,0.0,0.0,0.0,0.10869565217391304,0.0,0.0,0.0,1.5217391304347825,1.5,0.5072463768115941,0.036231884057971016,0.036231884057971016,56.6,Contenção / Box-to-Box Defensivo
Isaac James,ng NGA,20,Alverca,MID,14.5,0,2,9,1,3,0,30,264,0.0,3.4090909090909087,6.666666666666667,11.11111111111111,0.0,0.0,0.0,0.6206896551724138,0.13793103448275862,4.761904761904762,2.896551724137931,2.4827586206896552,0.95,1.3793103448275863,0.20689655172413793,0.20689655172413793,42.0,Defesas Puros
Sandro Lima,br BRA,34,Alverca,FWD,15.8,5,2,25,13,2,1,30,264,16.666666666666664,9.469696969696969,23.333333333333332,52.0,0.2,0.38461538461538464,1.76,1.5822784810126582,0.4430379746835443,200.0,0.06329113924050632,0.6962025316455696,0.2962962962962963,1.7088607594936709,0.18987341772151897,0.3164556962025316,57.9,Finalizadores
Lincoln,br BRA,26,Alverca,MID,26.2,2,5,32,12,5,0,30,264,6.666666666666667,12.121212121212121,23.333333333333332,37.5,0.0625,0.16666666666666666,0.55,1.2213740458015268,0.26717557251908397,4.310344827586207,4.427480916030534,1.83206106870229,1.3333333333333333,1.0305343511450382,0.19083969465648856,0.19083969465648856,53.6,Contribuição Larga (Cruzamento + Trabalho Defensivo)
Bastien Meupiyou,fr FRA,19,Alverca,DEF,29.0,0,0,6,2,6,1,30,264,0.0,2.272727272727273,0.0,33.33333333333333,0.0,0.0,0.0,0.20689655172413793,0.0,0.0,0.1724137931034483,2.0344827586206895,0.9333333333333333,1.0344827586206897,0.2413793103448276,0.3103448275862069,49.7,Contenção / Box-to-Box Defensivo
Marko Milovanović,rs SRB,21,Alverca,FWD,17.0,9,2,38,21,3,0,30,264,30.0,14.393939393939394,36.666666666666664,55.26315789473685,0.23684210526315788,0.42857142857142855,2.0842105263157893,2.235294117647059,0.47058823529411764,200.0,0.058823529411764705,0.17647058823529413,0.09375,1.8823529411764706,0.17647058823529413,0.17647058823529413,62.7,Finalizadores
Kaiky Naves,br BRA,23,Alverca,DEF,31.5,2,0,17,4,9,1,30,264,6.666666666666667,6.4393939393939394,6.666666666666667,23.52941176470588,0.11764705882352941,0.5,1.035294117647059,0.5396825396825397,0.06349206349206349,0.0,0.2222222222222222,3.015873015873016,1.46875,1.0158730158730158,0.31746031746031744,0.38095238095238093,61.1,Contenção / Box-to-Box Defensivo
Rhaldney,br BRA,26,Alverca,MID,11.0,1,0,10,2,4,0,30,264,3.3333333333333335,3.787878787878788,3.3333333333333335,20.0,0.1,0.5,0.88,0.9090909090909091,0.09090909090909091,0.0,0.09090909090909091,2.0,0.47619047619047616,1.9090909090909092,0.36363636363636365,0.36363636363636365,39.3,Contenção / Box-to-Box Defensivo
Nabil Touaizi,ma MAR,24,Alverca,MID,31.3,1,5,23,10,7,0,30,264,3.3333333333333335,8.712121212121213,20.0,43.47826086956522,0.043478260869565216,0.1,0.3826086956521739,0.7348242811501597,0.1597444089456869,3.968253968253968,4.02555910543131,1.4376996805111821,0.6153846153846154,0.8306709265175719,0.22364217252396165,0.22364217252396165,48.6,Contribuição Larga (Cruzamento + Trabalho Defensivo)
Adriano,br BRA,25,Santa Clara,MID,16.0,0,0,14,2,6,1,22,321,0.0,4.361370716510903,0.0,14.285714285714285,0.0,0.0,0.0,0.875,0.0,0.0,0.25,1.0625,0.25,1.25,0.4375,0.5625,25.5,Defesas Puros
Brenner,br BRA,23,Santa Clara,FWD,13.2,0,1,25,7,2,0,22,321,0.0,7.78816199376947,4.545454545454546,28.000000000000004,0.0,0.0,0.0,1.893939393939394,0.07575757575757576,2.0,3.787878787878788,0.6818181818181819,0.125,1.2121212121212122,0.15151515151515152,0.15151515151515152,34.2,Criadores pelos Corredores
Diogo Calila,mz MOZ,26,Santa Clara,DEF,11.1,1,0,7,2,4,0,22,321,4.545454545454546,2.1806853582554515,4.545454545454546,28.57142857142857,0.14285714285714285,0.5,2.0844155844155847,0.6306306306306306,0.0900900900900901,0.0,3.1531531531531534,1.5315315315315317,0.5454545454545454,0.990990990990991,0.3603603603603604,0.3603603603603604,41.0,Contribuição Larga (Cruzamento + Trabalho Defensivo)
Pedro Ferreira,pt POR,27,Santa Clara,MID,21.8,0,0,20,2,4,0,22,321,0.0,6.230529595015576,0.0,10.0,0.0,0.0,0.0,0.9174311926605504,0.0,0.0,1.146788990825688,3.256880733944954,1.2121212121212122,1.5137614678899083,0.18348623853211007,0.18348623853211007,41.4,Defesas Puros
Gustavo Klismahn,br BRA,25,Santa Clara,MID,12.2,1,1,13,3,2,0,22,321,4.545454545454546,4.049844236760125,9.090909090909092,23.076923076923077,0.07692307692307693,0.3333333333333333,1.1223776223776225,1.0655737704918034,0.1639344262295082,2.272727272727273,3.6065573770491803,1.8032786885245902,0.5454545454545454,1.8032786885245902,0.1639344262295082,0.1639344262295082,42.5,Contribuição Larga (Cruzamento + Trabalho Defensivo)
Luís Carlos Rocha Rodrigues,pt POR,38,Santa Clara,DEF,13.0,0,0,3,0,5,0,22,321,0.0,0.9345794392523363,0.0,0.0,0.0,0.0,0.0,0.23076923076923078,0.0,0.0,0.07692307692307693,1.3076923076923077,0.3,1.5384615384615385,0.38461538461538464,0.38461538461538464,31.8,Defesas Puros
Serginho,pt POR,25,Santa Clara,MID,28.5,4,3,39,10,9,0,22,321,18.181818181818183,12.149532710280374,31.818181818181817,25.64102564102564,0.10256410256410256,0.4,1.4965034965034967,1.368421052631579,0.10526315789473684,2.8846153846153846,3.6491228070175437,1.8245614035087718,0.7291666666666666,1.6842105263157894,0.3157894736842105,0.3157894736842105,41.4,Contribuição Larga (Cruzamento + Trabalho Defensivo)
Sidney,br BRA,28,Santa Clara,DEF,32.6,1,0,16,3,9,1,22,321,4.545454545454546,4.984423676012461,4.545454545454546,18.75,0.0625,0.3333333333333333,0.9119318181818183,0.49079754601226994,0.03067484662576687,0.0,0.6134969325153374,1.9325153374233128,0.8709677419354839,0.950920245398773,0.3067484662576687,0.36809815950920244,46.3,Defesas Puros
Henrique Silva,br BRA,19,Santa Clara,DEF,11.4,0,0,6,0,5,0,22,321,0.0,1.8691588785046727,0.0,0.0,0.0,0.0,0.0,0.5263157894736842,0.0,0.0,0.17543859649122806,2.1929824561403506,0.4583333333333333,2.1052631578947367,0.43859649122807015,0.43859649122807015,40.1,Defesas Puros
Lucas Soares,br BRA,27,Santa Clara,DEF,23.0,0,0,19,3,6,1,22,321,0.0,5.919003115264798,0.0,15.789473684210526,0.0,0.0,0.0,0.8260869565217391,0.0,0.0,3.260869565217391,2.0434782608695654,0.6170212765957447,2.0434782608695654,0.30434782608695654,0.391304347826087,49.0,Defesas Puros
José Tavares,,22,Santa Clara,MID,10.7,0,1,12,4,8,0,22,321,0.0,3.7383177570093453,4.545454545454546,33.33333333333333,0.0,0.0,0.0,1.1214953271028039,0.09345794392523366,25.0,0.3738317757009346,3.1775700934579443,0.6470588235294118,3.1775700934579443,0.7476635514018692,0.7476635514018692,58.6,Contenção / Box-to-Box Defensivo
Frederico Venâncio,pt POR,32,Santa Clara,DEF,19.2,1,1,10,3,6,0,22,321,4.545454545454546,3.115264797507788,9.090909090909092,30.0,0.1,0.3333333333333333,1.4590909090909092,0.5208333333333334,0.10416666666666667,50.0,0.10416666666666667,2.5520833333333335,0.8235294117647058,0.8854166666666667,0.3125,0.3125,51.4,Contenção / Box-to-Box Defensivo
Paulo Victor,br BRA,24,Santa Clara,DEF,15.0,1,0,5,2,3,1,22,321,4.545454545454546,1.557632398753894,4.545454545454546,40.0,0.2,0.5,2.9181818181818184,0.3333333333333333,0.06666666666666667,0.0,3.3333333333333335,3.0,1.8571428571428572,0.9333333333333333,0.26666666666666666,0.4,70.0,Contribuição Larga (Cruzamento + Trabalho Defensivo)
Gabriel Vieira,br BRA,23,Santa Clara,FWD,24.8,6,0,69,20,4,0,22,321,27.27272727272727,21.49532710280374,27.27272727272727,28.985507246376812,0.08695652173913043,0.3,1.268774703557312,2.782258064516129,0.20161290322580644,0.0,2.379032258064516,0.7258064516129032,0.37777777777777777,1.814516129032258,0.16129032258064516,0.16129032258064516,45.2,Finalizadores
Vinícius,br BRA,26,Santa Clara,FWD,17.1,6,1,50,15,8,0,22,321,27.27272727272727,15.57632398753894,31.818181818181817,30.0,0.12,0.4,1.7509090909090907,2.923976608187134,0.4093567251461988,3.125,1.871345029239766,1.3450292397660817,0.4166666666666667,2.1052631578947367,0.4678362573099415,0.4678362573099415,51.3,Finalizadores
Wendel,br BRA,24,Santa Clara,FWD,10.1,1,2,12,6,2,0,22,321,4.545454545454546,3.7383177570093453,13.636363636363635,50.0,0.08333333333333333,0.16666666666666666,1.2159090909090913,1.188118811881188,0.19801980198019803,100.0,0.19801980198019803,0.19801980198019803,0.14285714285714285,0.6930693069306931,0.19801980198019803,0.19801980198019803,43.4,Finalizadores
Babatunde Akinsola,ng NGA,22,AVS Futebol,MID,27.1,1,4,49,12,2,0,21,314,4.761904761904762,15.605095541401273,23.809523809523807,24.489795918367346,0.02040816326530612,0.08333333333333333,0.30515063168124396,1.8081180811808117,0.18450184501845018,4.819277108433735,3.062730627306273,1.1808118081180812,0.6818181818181818,0.8118081180811808,0.07380073800738007,0.07380073800738007,39.3,Criadores pelos Corredores
Ángel Algobia,es ESP,26,AVS Futebol,MID,12.0,1,0,11,3,0,0,21,314,4.761904761904762,3.5031847133757963,4.761904761904762,27.27272727272727,0.09090909090909091,0.3333333333333333,1.3593073593073592,0.9166666666666666,0.08333333333333333,0.0,1.0,1.75,1.2857142857142858,1.1666666666666667,0.0,0.0,40.2,Contenção / Box-to-Box Defensivo
Cristian Castro,co COL,24,AVS Futebol,DEF,24.0,0,0,4,1,6,1,21,314,0.0,1.2738853503184715,0.0,25.0,0.0,0.0,0.0,0.16666666666666666,0.0,0.0,0.125,1.9166666666666667,0.55,0.8333333333333334,0.2916666666666667,0.375,43.6,Contenção / Box-to-Box Defensivo
Diego Duarte,py PAR,23,AVS Futebol,FWD,14.4,3,1,31,11,0,0,21,314,14.285714285714285,9.872611464968154,19.047619047619047,35.483870967741936,0.0967741935483871,0.2727272727272727,1.4470046082949306,2.1527777777777777,0.2777777777777778,8.333333333333332,0.8333333333333333,1.597222222222222,1.3571428571428572,0.9722222222222222,0.0,0.0,45.3,Finalizadores
Jaume Grau,es ESP,28,AVS Futebol,MID,14.7,0,0,7,1,7,1,21,314,0.0,2.229299363057325,0.0,14.285714285714285,0.0,0.0,0.0,0.4761904761904762,0.0,0.0,0.54421768707483,2.2448979591836737,0.5833333333333334,2.4489795918367347,0.54421768707483,0.6802721088435374,35.1,Defesas Puros
Pedro Lima,br BRA,22,AVS Futebol,MID,21.0,4,2,48,12,4,0,21,314,19.047619047619047,15.286624203821656,28.57142857142857,25.0,0.08333333333333333,0.3333333333333333,1.246031746031746,2.2857142857142856,0.23809523809523808,6.666666666666667,1.4285714285714286,2.2857142857142856,1.1612903225806452,1.4761904761904763,0.19047619047619047,0.19047619047619047,50.9,Contribuição Larga (Cruzamento + Trabalho Defensivo)
Gustavo Mendonça,pt POR,22,AVS Futebol,MID,15.5,0,0,6,3,6,0,21,314,0.0,1.910828025477707,0.0,50.0,0.0,0.0,0.0,0.3870967741935484,0.0,0.0,1.8709677419354838,2.7096774193548385,1.0689655172413792,1.8709677419354838,0.3870967741935484,0.3870967741935484,54.5,Contribuição Larga (Cruzamento + Trabalho Defensivo)
Christian Neiva Afonso,pt POR,30,AVS Futebol,DEF,17.0,0,0,11,0,2,0,21,314,0.0,3.5031847133757963,0.0,0.0,0.0,0.0,0.0,0.6470588235294118,0.0,0.0,4.9411764705882355,2.3529411764705883,0.5588235294117647,2.0,0.11764705882352941,0.11764705882352941,61.1,Defesas Puros
Guilherme Neiva Silva,br BRA,24,AVS Futebol,MID,10.3,2,3,20,8,2,0,21,314,9.523809523809524,6.369426751592357,23.809523809523807,40.0,0.1,0.25,1.495238095238095,1.9417475728155338,0.48543689320388345,9.375,3.1067961165048543,2.4271844660194173,0.5909090909090909,2.1359223300970873,0.1941747572815534,0.1941747572815534,69.2,Criadores pelos Corredores
Óscar Perea,co COL,19,AVS Futebol,MID,13.9,2,0,40,11,0,0,21,314,9.523809523809524,12.738853503184714,9.523809523809524,27.500000000000004,0.05,0.18181818181818182,0.7476190476190475,2.8776978417266186,0.14388489208633093,0.0,3.093525179856115,1.5107913669064748,0.6,0.7194244604316546,0.0,0.0,40.9,Criadores pelos Corredores
Mateus Pivô,br BRA,27,AVS Futebol,DEF,12.7,0,0,6,0,3,0,21,314,0.0,1.910828025477707,0.0,0.0,0.0,0.0,0.0,0.4724409448818898,0.0,0.0,0.9448818897637796,2.7559055118110236,0.7272727272727273,1.7322834645669292,0.2362204724409449,0.2362204724409449,56.7,Defesas Puros
Carlos Ponck,cv CPV,30,AVS Futebol,DEF,10.3,0,0,4,0,3,0,21,314,0.0,1.2738853503184715,0.0,0.0,0.0,0.0,0.0,0.3883495145631068,0.0,0.0,0.0,1.8446601941747571,0.6,1.4563106796116503,0.2912621359223301,0.2912621359223301,43.1,Defesas Puros
Daniel Rivas,py PAR,23,AVS Futebol,DEF,17.0,0,1,6,1,6,0,21,314,0.0,1.910828025477707,4.761904761904762,16.666666666666664,0.0,0.0,0.0,0.35294117647058826,0.058823529411764705,3.4482758620689653,1.7058823529411764,2.5294117647058822,1.6153846153846154,0.7647058823529411,0.35294117647058826,0.35294117647058826,57.9,Defesas Puros
Budiga Roni,br BRA,26,AVS Futebol,MID,14.6,2,0,15,4,3,0,21,314,9.523809523809524,4.777070063694268,9.523809523809524,26.666666666666668,0.13333333333333333,0.5,1.9936507936507935,1.0273972602739727,0.136986301369863,0.0,0.4109589041095891,3.1506849315068495,1.2105263157894737,1.3013698630136987,0.20547945205479454,0.20547945205479454,53.5,Contenção / Box-to-Box Defensivo
Aderlan Santos,br BRA,36,AVS Futebol,DEF,11.5,1,0,13,2,2,0,21,314,4.761904761904762,4.140127388535031,4.761904761904762,15.384615384615385,0.07692307692307693,0.5,1.1501831501831503,1.1304347826086956,0.08695652173913043,0.0,0.08695652173913043,2.1739130434782608,1.625,0.6956521739130435,0.17391304347826086,0.17391304347826086,59.1,Defesas Puros
Diogo Spencer,pt POR,21,AVS Futebol,MID,11.2,1,2,6,2,2,0,21,314,4.761904761904762,1.910828025477707,14.285714285714285,33.33333333333333,0.16666666666666666,0.5,2.492063492063492,0.5357142857142857,0.26785714285714285,6.666666666666667,2.678571428571429,1.6964285714285716,0.6,1.3392857142857144,0.17857142857142858,0.17857142857142858,51.0,Contribuição Larga (Cruzamento + Trabalho Defensivo)
Tomané,pt POR,32,AVS Futebol,FWD,22.3,4,1,33,10,5,0,21,314,19.047619047619047,10.509554140127388,23.809523809523807,30.303030303030305,0.12121212121212122,0.4,1.8124098124098125,1.4798206278026906,0.22421524663677128,5.88235294117647,0.7623318385650224,0.5829596412556054,0.22580645161290322,1.390134529147982,0.22421524663677128,0.22421524663677128,43.8,Finalizadores
Paulo Vitor,br BRA,24,AVS Futebol,DEF,15.8,0,0,3,1,4,2,21,314,0.0,0.9554140127388535,0.0,33.33333333333333,0.0,0.0,0.0,0.18987341772151897,0.0,0.0,0.37974683544303794,2.088607594936709,1.0,1.2658227848101264,0.37974683544303794,0.6329113924050632,45.8,Contenção / Box-to-Box Defensivo
Makan Aiko,fr FRA,24,Tondela,MID,11.8,1,2,20,8,2,0,23,286,4.3478260869565215,6.993006993006993,13.043478260869565,40.0,0.05,0.125,0.6217391304347826,1.694915254237288,0.2542372881355932,4.651162790697675,3.644067796610169,1.271186440677966,0.9,0.847457627118644,0.1694915254237288,0.1694915254237288,49.7,Criadores pelos Corredores
Bebeto,br BRA,35,Tondela,DEF,21.0,3,0,6,3,4,0,23,286,13.043478260869565,2.097902097902098,13.043478260869565,50.0,0.5,1.0,6.217391304347825,0.2857142857142857,0.0,0.0,3.0952380952380953,3.3333333333333335,1.2903225806451613,1.4761904761904763,0.19047619047619047,0.19047619047619047,71.6,Contribuição Larga (Cruzamento + Trabalho Defensivo)
Clebinho,br BRA,28,Tondela,MID,13.3,1,1,7,3,6,0,23,286,4.3478260869565215,2.4475524475524475,8.695652173913043,42.857142857142854,0.14285714285714285,0.3333333333333333,1.7763975155279503,0.5263157894736842,0.15037593984962405,25.0,0.3007518796992481,2.706766917293233,0.8235294117647058,1.2781954887218046,0.45112781954887216,0.45112781954887216,61.4,Contenção / Box-to-Box Defensivo
Rodrigo Conceição,pt POR,25,Tondela,DEF,15.9,1,0,7,5,4,0,23,286,4.3478260869565215,2.4475524475524475,4.3478260869565215,71.42857142857143,0.14285714285714285,0.2,1.7763975155279503,0.44025157232704404,0.06289308176100629,0.0,2.389937106918239,3.144654088050314,1.25,1.5094339622641508,0.25157232704402516,0.25157232704402516,66.1,Contribuição Larga (Cruzamento + Trabalho Defensivo)
Joe Hodge,ie IRL,22,Tondela,MID,15.8,1,1,16,5,3,0,23,286,4.3478260869565215,5.594405594405594,8.695652173913043,31.25,0.0625,0.2,0.7771739130434783,1.0126582278481011,0.12658227848101264,2.272727272727273,2.7848101265822782,2.0253164556962022,0.75,1.5189873417721518,0.18987341772151897,0.18987341772151897,46.3,Contribuição Larga (Cruzamento + Trabalho Defensivo)
Rony Lopes,pt POR,29,Tondela,MID,11.4,4,2,36,10,3,0,23,286,17.391304347826086,12.587412587412588,26.08695652173913,27.77777777777778,0.1111111111111111,0.4,1.3816425120772946,3.1578947368421053,0.5263157894736842,7.142857142857142,2.456140350877193,0.9649122807017544,0.8461538461538461,1.1403508771929824,0.2631578947368421,0.2631578947368421,53.4,Finalizadores
Tiago Manso,pt POR,25,Tondela,DEF,17.1,1,1,22,7,7,0,23,286,4.3478260869565215,7.6923076923076925,8.695652173913043,31.818181818181817,0.045454545454545456,0.14285714285714285,0.5652173913043478,1.286549707602339,0.05847953216374269,1.9607843137254901,2.982456140350877,2.923976608187134,1.03125,1.871345029239766,0.4093567251461988,0.4093567251461988,56.9,Contribuição Larga (Cruzamento + Trabalho Defensivo)
Maranhão,br BRA,26,Tondela,MID,27.2,6,2,65,24,7,0,23,286,26.08695652173913,22.727272727272727,34.78260869565217,36.92307692307693,0.09230769230769231,0.25,1.1478260869565218,2.389705882352941,0.22058823529411764,2.564102564102564,2.8676470588235294,1.6544117647058825,0.675,1.4705882352941178,0.2573529411764706,0.2573529411764706,49.7,Criadores pelos Corredores
Christian Marques,ch SUI,22,Tondela,DEF,30.2,0,0,3,1,6,0,23,286,0.0,1.048951048951049,0.0,33.33333333333333,0.0,0.0,0.0,0.09933774834437087,0.0,0.0,0.0,1.9205298013245033,0.7741935483870968,1.0264900662251655,0.19867549668874174,0.19867549668874174,48.7,Contenção / Box-to-Box Defensivo
Nor Maviram,ng NGA,24,Tondela,DEF,16.2,2,2,12,4,4,0,23,286,8.695652173913043,4.195804195804196,17.391304347826086,33.33333333333333,0.16666666666666666,0.5,2.072463768115942,0.7407407407407408,0.2469135802469136,3.125,3.9506172839506175,2.4074074074074074,0.8125,0.9876543209876544,0.2469135802469136,0.2469135802469136,57.4,Contribuição Larga (Cruzamento + Trabalho Defensivo)
Brayan Medina,co COL,23,Tondela,DEF,24.4,0,1,13,4,10,2,23,286,0.0,4.545454545454546,4.3478260869565215,30.76923076923077,0.0,0.0,0.0,0.5327868852459017,0.04098360655737705,50.0,0.0819672131147541,2.459016393442623,1.3214285714285714,1.1475409836065575,0.49180327868852464,0.6557377049180328,47.4,Contenção / Box-to-Box Defensivo
Jordan Pefok,us USA,29,Tondela,FWD,13.8,1,0,28,9,4,0,23,286,4.3478260869565215,9.79020979020979,4.3478260869565215,32.142857142857146,0.03571428571428571,0.1111111111111111,0.4440993788819876,2.0289855072463765,0.07246376811594203,0.0,0.21739130434782608,0.5072463768115941,0.16,1.8115942028985506,0.2898550724637681,0.2898550724637681,36.9,Finalizadores
Juan Rodríguez,ec ECU,19,Tondela,MID,22.0,0,0,12,1,3,0,23,286,0.0,4.195804195804196,0.0,8.333333333333332,0.0,0.0,0.0,0.5454545454545454,0.0,0.0,0.22727272727272727,1.8181818181818181,1.0416666666666667,1.0909090909090908,0.13636363636363635,0.13636363636363635,29.0,Defesas Puros
Hugo Sequeira,pt POR,21,Tondela,MID,14.8,0,1,29,9,2,0,23,286,0.0,10.13986013986014,4.3478260869565215,31.03448275862069,0.0,0.0,0.0,1.9594594594594594,0.06756756756756756,1.2987012987012987,5.202702702702703,0.8108108108108107,0.23076923076923078,0.8783783783783783,0.13513513513513511,0.13513513513513511,33.8,Criadores pelos Corredores
João Silva,pt POR,26,Tondela,DEF,11.1,1,0,5,1,1,0,23,286,4.3478260869565215,1.7482517482517483,4.3478260869565215,20.0,0.2,1.0,2.4869565217391303,0.45045045045045046,0.0900900900900901,0.0,0.0900900900900901,2.2522522522522523,0.8,2.2522522522522523,0.0900900900900901,0.0900900900900901,56.6,Contenção / Box-to-Box Defensivo
Sphephelo Sithole,za RSA,26,Tondela,MID,17.1,1,0,4,2,6,0,23,286,4.3478260869565215,1.3986013986013985,4.3478260869565215,50.0,0.25,0.5,3.108695652173913,0.23391812865497075,0.05847953216374269,0.0,0.17543859649122806,1.6959064327485378,0.5555555555555556,2.1052631578947367,0.3508771929824561,0.3508771929824561,48.8,Contenção / Box-to-Box Defensivo
Alan,br BRA,25,Moreirense,MID,29.9,5,5,41,18,8,0,33,225,15.151515151515152,18.22222222222222,30.303030303030305,43.90243902439025,0.12195121951219512,0.2777777777777778,0.8314855875831486,1.37123745819398,0.3010033444816054,3.3783783783783785,4.949832775919733,0.6688963210702341,0.358974358974359,1.3043478260869565,0.26755852842809363,0.26755852842809363,48.3,Criadores pelos Corredores
Gilberto Batista,gw GNB,21,Moreirense,DEF,21.5,0,0,5,3,4,0,33,225,0.0,2.2222222222222223,0.0,60.0,0.0,0.0,0.0,0.23255813953488372,0.0,0.0,0.0,2.186046511627907,1.3076923076923077,0.6046511627906976,0.18604651162790697,0.18604651162790697,56.1,Contenção / Box-to-Box Defensivo
Kiko Bondoso,pt POR,29,Moreirense,MID,22.2,0,4,8,2,0,0,33,225,0.0,3.5555555555555554,12.121212121212121,25.0,0.0,0.0,0.0,0.3603603603603604,0.1801801801801802,10.0,1.8018018018018018,0.990990990990991,1.1666666666666667,0.5405405405405406,0.0,0.0,38.6,Contenção / Box-to-Box Defensivo
Marcelo dos Santos Ferreira,br BRA,36,Moreirense,DEF,10.7,1,0,7,2,5,0,33,225,3.0303030303030303,3.111111111111111,3.0303030303030303,28.57142857142857,0.14285714285714285,0.5,0.974025974025974,0.6542056074766356,0.09345794392523366,0.0,0.0,1.869158878504673,0.4375,1.4953271028037385,0.4672897196261683,0.4672897196261683,35.3,Contenção / Box-to-Box Defensivo
Kiko,pt POR,23,Moreirense,DEF,20.5,1,0,10,3,5,0,33,225,3.0303030303030303,4.444444444444445,3.0303030303030303,30.0,0.1,0.3333333333333333,0.6818181818181818,0.4878048780487805,0.04878048780487805,0.0,1.9024390243902438,2.6341463414634148,0.9090909090909091,1.6097560975609757,0.24390243902439024,0.24390243902439024,57.9,Contenção / Box-to-Box Defensivo
Landerson,br BRA,18,Moreirense,MID,14.4,0,2,14,1,2,0,33,225,0.0,6.222222222222222,6.0606060606060606,7.142857142857142,0.0,0.0,0.0,0.9722222222222222,0.1388888888888889,12.5,1.1111111111111112,1.4583333333333333,0.7058823529411765,1.1805555555555556,0.1388888888888889,0.1388888888888889,33.2,Defesas Puros
Maracás,br BRA,31,Moreirense,DEF,28.8,4,0,6,4,11,2,33,225,12.121212121212121,2.666666666666667,12.121212121212121,66.66666666666666,0.6666666666666666,1.0,4.545454545454545,0.20833333333333331,0.1388888888888889,0.0,0.034722222222222224,1.875,0.9333333333333333,1.0416666666666667,0.4513888888888889,0.5902777777777778,39.9,Contenção / Box-to-Box Defensivo
Dinis Pinto,pt POR,24,Moreirense,DEF,22.3,1,6,15,6,8,0,33,225,3.0303030303030303,6.666666666666667,21.21212121212121,40.0,0.06666666666666667,0.16666666666666666,0.45454545454545453,0.6726457399103138,0.3139013452914798,19.35483870967742,1.390134529147982,2.3318385650224216,0.9375,1.4349775784753362,0.35874439461883406,0.35874439461883406,49.9,Contribuição Larga (Cruzamento + Trabalho Defensivo)
Rodri,es ESP,22,Moreirense,MID,16.6,3,3,11,5,6,0,33,225,9.090909090909092,4.888888888888889,18.181818181818183,45.45454545454545,0.2727272727272727,0.6,1.859504132231405,0.6626506024096385,0.36144578313253006,27.27272727272727,0.6626506024096385,1.0843373493975903,0.2903225806451613,1.8674698795180722,0.36144578313253006,0.36144578313253006,58.4,Finalizadores
Guilherme Schettine,br BRA,29,Moreirense,FWD,10.9,9,1,28,17,1,0,33,225,27.27272727272727,12.444444444444445,30.303030303030305,60.71428571428571,0.32142857142857145,0.5294117647058824,2.1915584415584415,2.568807339449541,0.9174311926605504,25.0,0.36697247706422015,0.36697247706422015,0.09090909090909091,2.018348623853211,0.09174311926605504,0.09174311926605504,66.9,Finalizadores
Luis Semedo,pt POR,21,Moreirense,FWD,11.1,3,0,21,6,0,0,33,225,9.090909090909092,9.333333333333334,9.090909090909092,28.57142857142857,0.14285714285714285,0.5,0.974025974025974,1.8918918918918919,0.2702702702702703,0.0,0.0900900900900901,0.5405405405405406,0.2857142857142857,1.2612612612612613,0.0,0.0,44.5,Finalizadores
Mateja Stjepanović,rs SRB,21,Moreirense,MID,26.8,1,0,19,4,6,0,33,225,3.0303030303030303,8.444444444444445,3.0303030303030303,21.052631578947366,0.05263157894736842,0.25,0.3588516746411483,0.708955223880597,0.03731343283582089,0.0,0.26119402985074625,1.5298507462686566,0.75,0.8955223880597015,0.22388059701492538,0.22388059701492538,33.8,Contenção / Box-to-Box Defensivo
Diogo Travassos,pt POR,21,Moreirense,MID,27.0,5,3,40,12,2,0,33,225,15.151515151515152,17.77777777777778,24.242424242424242,30.0,0.125,0.4166666666666667,0.8522727272727273,1.4814814814814814,0.2962962962962963,3.6585365853658534,3.037037037037037,2.5185185185185186,0.9347826086956522,1.7037037037037037,0.07407407407407407,0.07407407407407407,56.9,Contribuição Larga (Cruzamento + Trabalho Defensivo)
Pedro Amaral,pt POR,27,Estoril,DEF,20.4,0,2,14,4,3,0,44,345,0.0,4.057971014492753,4.545454545454546,28.57142857142857,0.0,0.0,0.0,0.6862745098039216,0.09803921568627452,3.8461538461538463,2.5490196078431375,1.2745098039215688,0.75,0.9803921568627452,0.14705882352941177,0.14705882352941177,47.3,Contribuição Larga (Cruzamento + Trabalho Defensivo)
Felix Bacher,at AUT,24,Estoril,DEF,34.0,2,0,12,2,4,0,44,345,4.545454545454546,3.4782608695652173,4.545454545454546,16.666666666666664,0.16666666666666666,1.0,1.3068181818181819,0.35294117647058826,0.058823529411764705,0.0,0.0,2.3823529411764706,0.8108108108108109,1.088235294117647,0.11764705882352941,0.11764705882352941,56.8,Defesas Puros
Yanis Begraoui,ma MAR,24,Estoril,FWD,30.2,20,1,80,35,1,0,44,345,45.45454545454545,23.18840579710145,47.72727272727273,43.75,0.25,0.5714285714285714,1.9602272727272727,2.6490066225165565,0.5298013245033113,3.3333333333333335,0.9933774834437087,0.4635761589403974,0.25,0.794701986754967,0.033112582781456956,0.033112582781456956,57.3,Finalizadores
Kévin Boma,tg TOG,22,Estoril,DEF,19.1,1,1,9,4,5,0,44,345,2.272727272727273,2.608695652173913,4.545454545454546,44.44444444444444,0.1111111111111111,0.25,0.8712121212121213,0.47120418848167533,0.10471204188481674,0.0,0.0,2.1989528795811517,0.8,1.0471204188481675,0.2617801047120419,0.2617801047120419,49.4,Contenção / Box-to-Box Defensivo
João Carvalho,pt POR,28,Estoril,MID,31.0,6,11,49,21,8,0,44,345,13.636363636363635,14.202898550724639,38.63636363636363,42.857142857142854,0.12244897959183673,0.2857142857142857,0.9601113172541742,1.5806451612903225,0.5483870967741935,17.46031746031746,2.032258064516129,1.5483870967741935,0.78125,1.032258064516129,0.25806451612903225,0.25806451612903225,67.2,Finalizadores
Pedro Carvalho,pt POR,22,Estoril,MID,13.9,0,1,11,0,5,0,44,345,0.0,3.1884057971014492,2.272727272727273,0.0,0.0,0.0,0.0,0.7913669064748201,0.07194244604316546,2.380952380952381,3.0215827338129495,2.158273381294964,0.85,1.4388489208633093,0.3597122302158273,0.3597122302158273,31.4,Defesas Puros
Rafik Guitane,fr FRA,26,Estoril,MID,20.4,3,5,27,11,3,0,44,345,6.8181818181818175,7.82608695652174,18.181818181818183,40.74074074074074,0.1111111111111111,0.2727272727272727,0.871212121212121,1.323529411764706,0.3921568627450981,18.51851851851852,1.323529411764706,0.6862745098039216,1.1111111111111112,0.44117647058823534,0.14705882352941177,0.14705882352941177,53.1,Finalizadores
Jordan Holsgrove,sct SCO,25,Estoril,MID,31.4,1,7,36,7,8,0,44,345,2.272727272727273,10.434782608695652,18.181818181818183,19.444444444444446,0.027777777777777776,0.14285714285714285,0.21780303030303033,1.1464968152866242,0.25477707006369427,5.072463768115942,4.3949044585987265,2.1974522292993632,1.1470588235294117,1.0828025477707006,0.25477707006369427,0.25477707006369427,48.2,Contribuição Larga (Cruzamento + Trabalho Defensivo)
André Lacximicant,pt POR,24,Estoril,FWD,13.5,3,2,38,17,4,0,44,345,6.8181818181818175,11.014492753623188,11.363636363636363,44.73684210526316,0.07894736842105263,0.17647058823529413,0.6190191387559808,2.814814814814815,0.37037037037037035,10.526315789473683,1.4074074074074074,0.7407407407407407,0.3333333333333333,1.7777777777777777,0.2962962962962963,0.2962962962962963,46.5,Finalizadores
Alejandro Marqués,ve VEN,24,Estoril,FWD,12.8,4,0,26,10,1,0,44,345,9.090909090909092,7.536231884057972,9.090909090909092,38.46153846153847,0.15384615384615385,0.4,1.2062937062937062,2.03125,0.3125,0.0,0.390625,0.703125,0.14285714285714285,2.734375,0.078125,0.078125,46.5,Finalizadores
Jandro Orellana,es ESP,24,Estoril,MID,14.5,0,1,7,2,2,0,44,345,0.0,2.0289855072463765,2.272727272727273,28.57142857142857,0.0,0.0,0.0,0.4827586206896552,0.06896551724137931,16.666666666666664,0.41379310344827586,2.8275862068965516,0.8235294117647058,1.1724137931034482,0.13793103448275862,0.13793103448275862,51.4,Contenção / Box-to-Box Defensivo
Francisco Reis Ferreira,pt POR,28,Estoril,DEF,18.2,2,0,7,3,4,0,44,345,4.545454545454546,2.0289855072463765,4.545454545454546,42.857142857142854,0.2857142857142857,0.6666666666666666,2.2402597402597406,0.38461538461538464,0.10989010989010989,0.0,0.054945054945054944,3.3516483516483517,1.5294117647058822,0.9340659340659341,0.21978021978021978,0.21978021978021978,68.5,Contenção / Box-to-Box Defensivo
Ricard Sánchez,es ESP,25,Estoril,DEF,21.9,2,4,20,8,9,0,44,345,4.545454545454546,5.797101449275362,13.636363636363635,40.0,0.1,0.25,0.7840909090909092,0.9132420091324202,0.27397260273972607,7.4074074074074066,2.4657534246575343,1.8721461187214614,0.6666666666666666,1.6438356164383563,0.4109589041095891,0.4109589041095891,42.5,Contribuição Larga (Cruzamento + Trabalho Defensivo)
Antef Tsoungui,be BEL,22,Estoril,DEF,15.3,0,0,9,1,8,0,44,345,0.0,2.608695652173913,0.0,11.11111111111111,0.0,0.0,0.0,0.5882352941176471,0.0,0.0,0.26143790849673204,2.4836601307189543,0.575,2.6143790849673203,0.5228758169934641,0.5228758169934641,40.9,Defesas Puros
Jonathan Buatu Mananga,ao ANG,31,Gil Vicente FC,DEF,30.5,1,1,15,2,4,0,42,476,2.380952380952381,3.1512605042016806,4.761904761904762,13.333333333333334,0.06666666666666667,0.5,0.7555555555555555,0.4918032786885246,0.06557377049180328,0.0,0.0,1.4426229508196722,0.75,0.9180327868852459,0.13114754098360656,0.13114754098360656,46.3,Defesas Puros
Zé Carlos,pt POR,27,Gil Vicente FC,DEF,27.3,0,0,17,1,8,0,42,476,0.0,3.571428571428571,0.0,5.88235294117647,0.0,0.0,0.0,0.6227106227106227,0.0,0.0,2.2344322344322345,2.454212454212454,0.775,1.465201465201465,0.29304029304029305,0.29304029304029305,53.5,Defesas Puros
Zé Carlos,pt POR,27,Gil Vicente FC,DEF,27.3,0,0,17,1,8,0,42,476,0.0,3.571428571428571,0.0,5.88235294117647,0.0,0.0,0.0,0.6227106227106227,0.0,0.0,0.21978021978021978,1.9413919413919414,1.0476190476190477,0.7692307692307692,0.29304029304029305,0.29304029304029305,47.8,Defesas Puros
Zé Carlos,pt POR,27,Gil Vicente FC,DEF,27.3,0,0,5,0,8,0,42,476,0.0,1.050420168067227,0.0,0.0,0.0,0.0,0.0,0.18315018315018314,0.0,0.0,2.2344322344322345,2.454212454212454,0.775,1.465201465201465,0.29304029304029305,0.29304029304029305,53.5,Defesas Puros
Zé Carlos,pt POR,27,Gil Vicente FC,DEF,27.3,0,0,5,0,8,0,42,476,0.0,1.050420168067227,0.0,0.0,0.0,0.0,0.0,0.18315018315018314,0.0,0.0,0.21978021978021978,1.9413919413919414,1.0476190476190477,0.7692307692307692,0.29304029304029305,0.29304029304029305,47.8,Defesas Puros
Zé Carlos,pt POR,23,Gil Vicente FC,MID,13.4,0,0,17,1,7,0,42,476,0.0,3.571428571428571,0.0,5.88235294117647,0.0,0.0,0.0,1.2686567164179103,0.0,0.0,4.552238805970149,5.0,0.775,2.9850746268656714,0.5223880597014925,0.5223880597014925,53.6,Defesas Puros
Zé Carlos,pt POR,23,Gil Vicente FC,MID,13.4,0,0,17,1,7,0,42,476,0.0,3.571428571428571,0.0,5.88235294117647,0.0,0.0,0.0,1.2686567164179103,0.0,0.0,0.44776119402985076,3.955223880597015,1.0476190476190477,1.5671641791044775,0.5223880597014925,0.5223880597014925,45.2,Defesas Puros
Zé Carlos,pt POR,23,Gil Vicente FC,MID,13.4,0,0,5,0,7,0,42,476,0.0,1.050420168067227,0.0,0.0,0.0,0.0,0.0,0.3731343283582089,0.0,0.0,4.552238805970149,5.0,0.775,2.9850746268656714,0.5223880597014925,0.5223880597014925,51.0,Defesas Puros
Zé Carlos,pt POR,23,Gil Vicente FC,MID,13.4,0,0,5,0,7,0,42,476,0.0,1.050420168067227,0.0,0.0,0.0,0.0,0.0,0.3731343283582089,0.0,0.0,0.44776119402985076,3.955223880597015,1.0476190476190477,1.5671641791044775,0.5223880597014925,0.5223880597014925,42.6,Defesas Puros
Facundo Cáseres,ar ARG,24,Gil Vicente FC,MID,24.3,0,0,5,1,8,0,42,476,0.0,1.050420168067227,0.0,20.0,0.0,0.0,0.0,0.205761316872428,0.0,0.0,0.1646090534979424,2.5925925925925926,0.6346153846153846,2.139917695473251,0.3292181069958848,0.3292181069958848,40.4,Defesas Puros
Murilo Costa,br BRA,30,Gil Vicente FC,MID,28.6,11,4,74,32,3,0,42,476,26.190476190476193,15.546218487394958,35.714285714285715,43.24324324324324,0.14864864864864866,0.34375,1.6846846846846848,2.5874125874125875,0.3146853146853147,2.3255813953488373,6.013986013986013,0.8741258741258741,1.3333333333333333,0.4195804195804196,0.1048951048951049,0.1048951048951049,50.0,Criadores pelos Corredores
Marvin Elimbi,fr FRA,22,Gil Vicente FC,DEF,27.0,0,0,14,2,7,0,42,476,0.0,2.941176470588235,0.0,14.285714285714285,0.0,0.0,0.0,0.5185185185185185,0.0,0.0,0.25925925925925924,1.5555555555555556,0.5428571428571428,1.2962962962962963,0.25925925925925924,0.25925925925925924,41.2,Defesas Puros
Antonio Espigare,es ESP,20,Gil Vicente FC,DEF,10.9,1,0,8,2,2,0,42,476,2.380952380952381,1.680672268907563,2.380952380952381,25.0,0.125,0.5,1.4166666666666667,0.7339449541284403,0.09174311926605504,0.0,0.0,1.0091743119266054,0.5833333333333334,1.1009174311926606,0.18348623853211007,0.18348623853211007,38.5,Contenção / Box-to-Box Defensivo
Luís Esteves,pt POR,27,Gil Vicente FC,MID,30.6,4,8,76,23,3,1,42,476,9.523809523809524,15.966386554621847,28.57142857142857,30.263157894736842,0.05263157894736842,0.17391304347826086,0.5964912280701755,2.4836601307189543,0.39215686274509803,6.25,4.183006535947713,1.8300653594771241,0.8285714285714286,1.1437908496732025,0.13071895424836602,0.19607843137254902,55.8,Criadores pelos Corredores
Joelson Fernandes,pt POR,22,Gil Vicente FC,MID,11.3,1,3,17,3,3,0,42,476,2.380952380952381,3.571428571428571,9.523809523809524,17.647058823529413,0.058823529411764705,0.3333333333333333,0.6666666666666667,1.5044247787610618,0.35398230088495575,5.555555555555555,4.778761061946902,1.238938053097345,0.47368421052631576,1.6814159292035398,0.2654867256637168,0.2654867256637168,43.8,Criadores pelos Corredores
Santiago García,es ESP,23,Gil Vicente FC,MID,29.3,6,3,62,19,5,0,42,476,14.285714285714285,13.025210084033615,21.428571428571427,30.64516129032258,0.0967741935483871,0.3157894736842105,1.0967741935483868,2.1160409556313993,0.30716723549488056,9.375,1.0921501706484642,1.5017064846416381,0.6470588235294118,1.7406143344709897,0.1706484641638225,0.1706484641638225,50.3,Finalizadores
Ghislain Konan,ci CIV,29,Gil Vicente FC,DEF,29.5,0,0,17,6,5,0,42,476,0.0,3.571428571428571,0.0,35.294117647058826,0.0,0.0,0.0,0.576271186440678,0.0,0.0,2.2711864406779663,1.8305084745762712,1.2173913043478262,0.7796610169491526,0.1694915254237288,0.1694915254237288,55.4,Contribuição Larga (Cruzamento + Trabalho Defensivo)
Agustín Moreira,uy URU,24,Gil Vicente FC,MID,11.4,2,1,27,9,3,0,42,476,4.761904761904762,5.6722689075630255,7.142857142857142,33.33333333333333,0.07407407407407407,0.2222222222222222,0.8395061728395061,2.3684210526315788,0.2631578947368421,2.941176470588235,2.982456140350877,1.9298245614035088,0.9375,1.4035087719298245,0.2631578947368421,0.2631578947368421,52.2,Criadores pelos Corredores
Pablo,br BRA,21,Gil Vicente FC,FWD,10.5,10,1,23,13,4,0,42,476,23.809523809523807,4.831932773109244,26.190476190476193,56.52173913043478,0.43478260869565216,0.7692307692307693,4.927536231884057,2.1904761904761907,0.8571428571428571,100.0,0.09523809523809523,0.9523809523809523,0.2916666666666667,2.2857142857142856,0.38095238095238093,0.38095238095238093,78.1,Finalizadores
Gustavo Varela,pt POR,20,Gil Vicente FC,FWD,16.9,6,3,50,23,3,0,42,476,14.285714285714285,10.504201680672269,21.428571428571427,46.0,0.12,0.2608695652173913,1.3599999999999999,2.958579881656805,0.5325443786982249,75.0,0.2366863905325444,0.3550295857988166,0.375,0.9467455621301776,0.1775147928994083,0.1775147928994083,55.3,Finalizadores
Maxi Araújo,uy URU,25,Sporting CP,DEF,24.6,5,4,39,16,9,1,68,474,7.352941176470589,8.227848101265822,13.23529411764706,41.02564102564102,0.1282051282051282,0.3125,0.8936651583710409,1.5853658536585364,0.36585365853658536,4.597701149425287,3.536585365853658,2.7642276422764227,0.9111111111111111,1.8292682926829267,0.4065040650406504,0.4878048780487805,55.1,Contribuição Larga (Cruzamento + Trabalho Defensivo)
Geny Catamo,mz MOZ,24,Sporting CP,MID,21.5,6,2,49,22,1,0,68,474,8.823529411764707,10.337552742616033,11.76470588235294,44.89795918367347,0.12244897959183673,0.2727272727272727,0.8535414165666267,2.2790697674418605,0.37209302325581395,4.444444444444445,2.0930232558139537,1.069767441860465,0.7777777777777778,0.8372093023255814,0.046511627906976744,0.046511627906976744,55.0,Finalizadores
Zeno Debast,be BEL,21,Sporting CP,DEF,13.1,0,2,8,2,2,0,68,474,0.0,1.6877637130801686,2.941176470588235,25.0,0.0,0.0,0.0,0.6106870229007634,0.15267175572519084,33.33333333333333,0.4580152671755725,1.0687022900763359,0.6,1.1450381679389314,0.15267175572519084,0.15267175572519084,41.1,Contenção / Box-to-Box Defensivo
Ousmane Diomande,ci CIV,21,Sporting CP,DEF,14.4,0,1,10,2,5,0,68,474,0.0,2.109704641350211,1.4705882352941175,20.0,0.0,0.0,0.0,0.6944444444444444,0.06944444444444445,33.33333333333333,0.20833333333333331,1.597222222222222,0.35714285714285715,1.9444444444444444,0.3472222222222222,0.3472222222222222,36.8,Contenção / Box-to-Box Defensivo
Iván Fresneda,es ESP,20,Sporting CP,DEF,17.7,1,0,9,3,6,0,68,474,1.4705882352941175,1.89873417721519,1.4705882352941175,33.33333333333333,0.1111111111111111,0.3333333333333333,0.7745098039215685,0.5084745762711864,0.05649717514124294,0.0,2.768361581920904,1.864406779661017,0.9473684210526315,1.073446327683616,0.33898305084745767,0.33898305084745767,47.8,Contribuição Larga (Cruzamento + Trabalho Defensivo)
Pedro Gonçalves,pt POR,27,Sporting CP,MID,22.0,13,8,81,36,5,0,68,474,19.11764705882353,17.088607594936708,30.88235294117647,44.44444444444444,0.16049382716049382,0.3611111111111111,1.118736383442266,3.6818181818181817,0.8636363636363636,8.791208791208792,4.136363636363637,0.7727272727272727,0.9090909090909091,0.5,0.22727272727272727,0.22727272727272727,73.3,Finalizadores
Morten Hjulmand,dk DEN,26,Sporting CP,MID,25.8,3,4,29,7,9,0,68,474,4.411764705882353,6.118143459915612,10.294117647058822,24.137931034482758,0.10344827586206896,0.42857142857142855,0.7210953346855984,1.124031007751938,0.2713178294573643,133.33333333333331,0.11627906976744186,2.3255813953488373,1.52,0.9689922480620154,0.3488372093023256,0.3488372093023256,71.6,Contenção / Box-to-Box Defensivo
Gonçalo Inácio,pt POR,23,Sporting CP,DEF,27.8,2,3,11,3,4,1,68,474,2.941176470588235,2.320675105485232,7.352941176470589,27.27272727272727,0.18181818181818182,0.6666666666666666,1.267379679144385,0.39568345323741005,0.17985611510791366,75.0,0.14388489208633093,1.9784172661870503,1.2380952380952381,0.7553956834532374,0.17985611510791366,0.2517985611510791,53.9,Contenção / Box-to-Box Defensivo
Hidemasa Morita,jp JPN,30,Sporting CP,MID,20.3,1,4,14,3,3,0,68,474,1.4705882352941175,2.9535864978902953,7.352941176470589,21.428571428571427,0.07142857142857142,0.3333333333333333,0.4978991596638655,0.689655172413793,0.24630541871921183,36.36363636363637,0.541871921182266,2.216748768472906,0.6341463414634146,2.019704433497537,0.14778325123152708,0.14778325123152708,53.7,Contenção / Box-to-Box Defensivo
Eduardo Quaresma,pt POR,23,Sporting CP,DEF,13.2,2,2,5,2,2,0,68,474,2.941176470588235,1.0548523206751055,5.88235294117647,40.0,0.4,1.0,2.788235294117647,0.3787878787878788,0.30303030303030304,100.0,0.15151515151515152,2.4242424242424243,1.5,1.0606060606060606,0.15151515151515152,0.15151515151515152,61.6,Contenção / Box-to-Box Defensivo
Luis Suárez,co COL,27,Sporting CP,FWD,29.9,28,6,136,60,7,0,68,474,41.17647058823529,28.691983122362867,50.0,44.11764705882353,0.20588235294117646,0.4666666666666667,1.435121107266436,4.5484949832775925,1.0033444816053512,120.0,0.16722408026755853,0.33444816053511706,0.18604651162790697,1.4381270903010035,0.23411371237458195,0.23411371237458195,73.1,Finalizadores
Francisco Trincão,pt POR,25,Sporting CP,MID,31.6,7,11,74,24,1,0,68,474,10.294117647058822,15.611814345991561,26.47058823529412,32.432432432432435,0.0945945945945946,0.2916666666666667,0.6593799682034975,2.3417721518987342,0.5696202531645569,8.527131782945736,4.082278481012658,0.9810126582278481,0.9545454545454546,0.6962025316455696,0.03164556962025316,0.03164556962025316,57.6,Criadores pelos Corredores
Georgios Vagiannidis,gr GRE,23,Sporting CP,DEF,14.3,0,4,9,4,4,0,68,474,0.0,1.89873417721519,5.88235294117647,44.44444444444444,0.0,0.0,0.0,0.6293706293706294,0.2797202797202797,14.814814814814813,1.8881118881118881,2.027972027972028,0.8,1.7482517482517481,0.2797202797202797,0.2797202797202797,49.4,Contribuição Larga (Cruzamento + Trabalho Defensivo)
Tomás Araújo,pt POR,23,Benfica,DEF,18.7,1,2,17,4,3,0,59,464,1.694915254237288,3.6637931034482754,5.084745762711865,23.52941176470588,0.058823529411764705,0.25,0.46261216350947165,0.9090909090909092,0.16042780748663102,28.57142857142857,0.37433155080213903,2.3529411764705883,2.4444444444444446,0.4812834224598931,0.16042780748663102,0.16042780748663102,68.2,Contenção / Box-to-Box Defensivo
Fredrik Aursnes,no NOR,29,Benfica,MID,25.5,3,3,28,8,2,0,59,464,5.084745762711865,6.0344827586206895,10.16949152542373,28.57142857142857,0.10714285714285714,0.375,0.8426150121065377,1.0980392156862746,0.23529411764705882,3.061224489795918,3.843137254901961,2.392156862745098,1.4166666666666667,0.9411764705882353,0.0784313725490196,0.0784313725490196,52.7,Contribuição Larga (Cruzamento + Trabalho Defensivo)
Leandro Barreiro Martins,lu LUX,25,Benfica,MID,19.5,3,5,22,10,1,0,59,464,5.084745762711865,4.741379310344827,13.559322033898304,45.45454545454545,0.13636363636363635,0.3,1.0724191063174116,1.1282051282051282,0.41025641025641024,100.0,0.2564102564102564,1.9487179487179487,0.6,1.5384615384615385,0.05128205128205128,0.05128205128205128,78.5,Contenção / Box-to-Box Defensivo
Enzo Barrenechea,ar ARG,24,Benfica,MID,19.9,1,0,14,5,7,0,59,464,1.694915254237288,3.0172413793103448,1.694915254237288,35.714285714285715,0.07142857142857142,0.2,0.5617433414043583,0.7035175879396985,0.05025125628140704,0.0,0.15075376884422112,3.2160804020100504,0.8,1.7587939698492463,0.35175879396984927,0.35175879396984927,54.4,Contenção / Box-to-Box Defensivo
Samuel Dahl,se SWE,22,Benfica,DEF,31.8,1,1,17,6,3,0,59,464,1.694915254237288,3.6637931034482754,3.389830508474576,35.294117647058826,0.058823529411764705,0.16666666666666666,0.46261216350947165,0.5345911949685535,0.06289308176100629,1.6666666666666667,1.8867924528301887,2.547169811320755,2.375,0.7547169811320754,0.09433962264150943,0.09433962264150943,74.2,Contribuição Larga (Cruzamento + Trabalho Defensivo)
Amar Dedić,ba BIH,22,Benfica,DEF,21.1,1,4,15,2,5,2,59,464,1.694915254237288,3.2327586206896552,8.47457627118644,13.333333333333334,0.06666666666666667,0.5,0.5242937853107345,0.7109004739336492,0.23696682464454974,10.81081081081081,1.7535545023696681,1.8009478672985781,1.2352941176470589,0.8056872037914692,0.33175355450236965,0.5213270142180094,48.4,Defesas Puros
Nicolás Otamendi,ar ARG,37,Benfica,DEF,28.9,2,0,23,6,7,1,59,464,3.389830508474576,4.956896551724138,3.389830508474576,26.08695652173913,0.08695652173913043,0.3333333333333333,0.683861459100958,0.795847750865052,0.06920415224913495,0.0,0.20761245674740486,2.595155709342561,1.3636363636363635,0.7612456747404844,0.2768166089965398,0.34602076124567477,57.5,Contenção / Box-to-Box Defensivo
Vangelis Pavlidis,gr GRE,26,Benfica,FWD,29.5,22,4,98,48,3,0,59,464,37.28813559322034,21.120689655172413,44.06779661016949,48.97959183673469,0.22448979591836735,0.4583333333333333,1.7654790729851264,3.3220338983050848,0.5423728813559322,40.0,0.3389830508474576,0.4067796610169492,0.6666666666666666,0.5084745762711864,0.1016949152542373,0.1016949152542373,60.0,Finalizadores
Gianluca Prestianni,ar ARG,19,Benfica,MID,17.1,3,5,45,16,8,1,59,464,5.084745762711865,9.698275862068966,13.559322033898304,35.55555555555556,0.06666666666666667,0.1875,0.5242937853107345,2.631578947368421,0.4678362573099415,6.8493150684931505,4.269005847953216,1.2280701754385963,0.7222222222222222,1.0526315789473684,0.5263157894736842,0.6432748538011696,56.5,Criadores pelos Corredores
Richard Ríos,co COL,25,Benfica,MID,25.3,5,4,60,16,9,0,59,464,8.47457627118644,12.931034482758621,15.254237288135593,26.666666666666668,0.08333333333333333,0.3125,0.6553672316384179,2.3715415019762847,0.3557312252964427,18.181818181818183,0.8695652173913043,1.8972332015810276,0.6,1.976284584980237,0.3557312252964427,0.3557312252964427,55.1,Finalizadores
Andreas Schjelderup,no NOR,21,Benfica,MID,19.1,7,5,47,14,2,0,59,464,11.864406779661017,10.129310344827585,20.33898305084746,29.78723404255319,0.14893617021276595,0.5,1.171294626758024,2.4607329842931933,0.5235602094240838,6.8493150684931505,3.8219895287958114,0.8376963350785339,0.56,1.3089005235602094,0.10471204188481674,0.10471204188481674,53.1,Criadores pelos Corredores
António Silva,pt POR,21,Benfica,DEF,20.7,1,1,18,4,6,0,59,464,1.694915254237288,3.8793103448275863,3.389830508474576,22.22222222222222,0.05555555555555555,0.25,0.43691148775894534,0.8695652173913043,0.0966183574879227,20.0,0.24154589371980678,2.3671497584541066,0.7916666666666666,1.1594202898550725,0.2898550724637681,0.2898550724637681,50.3,Contenção / Box-to-Box Defensivo
Rafa Silva,pt POR,32,Benfica,MID,10.2,5,0,25,13,0,0,59,464,8.47457627118644,5.387931034482758,8.47457627118644,52.0,0.2,0.38461538461538464,1.5728813559322032,2.450980392156863,0.4901960784313726,0.0,0.3921568627450981,1.1764705882352942,2.75,0.3921568627450981,0.0,0.0,63.2,Finalizadores
Heorhiy Sudakov,ua UKR,22,Benfica,MID,15.7,4,1,35,12,2,0,59,464,6.779661016949152,7.543103448275862,8.47457627118644,34.285714285714285,0.11428571428571428,0.3333333333333333,0.8987893462469734,2.229299363057325,0.3184713375796179,0.9090909090909091,7.006369426751593,0.7643312101910829,0.42857142857142855,0.89171974522293,0.12738853503184713,0.12738853503184713,45.1,Criadores pelos Corredores
Bright Arrey-Mbi,de GER,22,Braga,DEF,20.3,0,0,1,0,3,0,57,350,0.0,0.2857142857142857,0.0,0.0,0.0,0.0,0.0,0.04926108374384236,0.0,0.0,0.09852216748768472,1.773399014778325,1.1111111111111112,0.8866995073891625,0.14778325123152708,0.14778325123152708,52.0,Defesas Puros
Vitor Carvalho,br BRA,28,Braga,DEF,11.7,2,1,11,3,5,0,57,350,3.508771929824561,3.1428571428571432,5.263157894736842,27.27272727272727,0.18181818181818182,0.6666666666666666,1.1164274322169057,0.9401709401709403,0.25641025641025644,0.0,0.0,1.1965811965811965,0.47058823529411764,1.4529914529914532,0.4273504273504274,0.4273504273504274,30.2,Contenção / Box-to-Box Defensivo
Mario Dorgelès,ci CIV,20,Braga,MID,11.1,2,1,11,2,0,0,57,350,3.508771929824561,3.1428571428571432,5.263157894736842,18.181818181818183,0.18181818181818182,1.0,1.1164274322169057,0.990990990990991,0.2702702702702703,2.857142857142857,3.1531531531531534,1.8918918918918919,1.375,0.7207207207207208,0.0,0.0,45.5,Contribuição Larga (Cruzamento + Trabalho Defensivo)
Victor Gomez,es ESP,25,Braga,MID,27.5,1,4,16,8,2,0,57,350,1.7543859649122806,4.571428571428571,8.771929824561402,50.0,0.0625,0.125,0.38377192982456143,0.5818181818181818,0.18181818181818182,4.878048780487805,2.981818181818182,1.7454545454545454,1.3529411764705883,0.6181818181818182,0.07272727272727272,0.07272727272727272,55.0,Contribuição Larga (Cruzamento + Trabalho Defensivo)
Jean Gorby,fr FRA,23,Braga,MID,19.0,1,0,13,4,5,0,57,350,1.7543859649122806,3.7142857142857144,1.7543859649122806,30.76923076923077,0.07692307692307693,0.25,0.4723346828609986,0.6842105263157895,0.05263157894736842,0.0,0.42105263157894735,2.1578947368421053,1.1666666666666667,0.9473684210526315,0.2631578947368421,0.2631578947368421,43.8,Contenção / Box-to-Box Defensivo
Florian Grillitsch,at AUT,29,Braga,MID,12.5,1,1,8,2,3,0,57,350,1.7543859649122806,2.2857142857142856,3.508771929824561,25.0,0.125,0.5,0.7675438596491229,0.64,0.16,14.285714285714285,0.56,2.64,0.9285714285714286,1.12,0.24,0.24,51.7,Contenção / Box-to-Box Defensivo
Ricardo Horta,pt POR,30,Braga,MID,23.8,14,4,61,31,5,1,57,350,24.561403508771928,17.42857142857143,31.57894736842105,50.81967213114754,0.22950819672131148,0.45161290322580644,1.4092608570606842,2.5630252100840334,0.6302521008403361,3.1746031746031744,5.294117647058823,1.1764705882352942,0.72,1.050420168067227,0.25210084033613445,0.3361344537815126,68.9,Criadores pelos Corredores
Gustaf Lagerbielke,se SWE,25,Braga,DEF,26.6,2,0,18,4,8,1,57,350,3.508771929824561,5.142857142857142,3.508771929824561,22.22222222222222,0.1111111111111111,0.5,0.6822612085769981,0.6766917293233082,0.07518796992481203,0.0,0.07518796992481203,1.3909774436090225,0.2826086956521739,1.7293233082706767,0.3383458646616541,0.41353383458646614,34.2,Contenção / Box-to-Box Defensivo
Leonardo Lelo,pt POR,25,Braga,MID,20.4,0,4,3,1,2,0,57,350,0.0,0.8571428571428572,7.017543859649122,33.33333333333333,0.0,0.0,0.0,0.14705882352941177,0.19607843137254904,4.49438202247191,4.362745098039216,1.715686274509804,0.9230769230769231,0.6372549019607844,0.09803921568627452,0.09803921568627452,47.9,Contribuição Larga (Cruzamento + Trabalho Defensivo)
Gabri Martínez,es ESP,22,Braga,MID,14.7,1,2,30,9,4,1,57,350,1.7543859649122806,8.571428571428571,5.263157894736842,30.0,0.03333333333333333,0.1111111111111111,0.2046783625730994,2.0408163265306123,0.20408163265306123,5.555555555555555,2.4489795918367347,2.2448979591836737,0.9583333333333334,1.6326530612244898,0.3401360544217687,0.4761904761904762,51.2,Contribuição Larga (Cruzamento + Trabalho Defensivo)
Gabriel Moscardo,br BRA,19,Braga,DEF,10.6,0,0,10,2,4,0,57,350,0.0,2.857142857142857,0.0,20.0,0.0,0.0,0.0,0.9433962264150944,0.0,0.0,0.09433962264150944,1.6981132075471699,0.9333333333333333,1.4150943396226416,0.37735849056603776,0.37735849056603776,41.0,Contenção / Box-to-Box Defensivo
João Moutinho,pt POR,38,Braga,MID,24.2,1,1,23,10,6,0,57,350,1.7543859649122806,6.571428571428571,3.508771929824561,43.47826086956522,0.043478260869565216,0.1,0.2669717772692601,0.9504132231404959,0.04132231404958678,7.6923076923076925,0.5371900826446281,1.9834710743801653,0.6857142857142857,1.4462809917355373,0.24793388429752067,0.24793388429752067,48.7,Contenção / Box-to-Box Defensivo
Fran Navarro,es ESP,27,Braga,FWD,14.2,6,1,18,13,2,0,57,350,10.526315789473683,5.142857142857142,12.280701754385964,72.22222222222221,0.3333333333333333,0.46153846153846156,2.046783625730994,1.267605633802817,0.49295774647887325,100.0,0.07042253521126761,0.35211267605633806,0.125,1.6901408450704227,0.14084507042253522,0.14084507042253522,58.9,Finalizadores
Sikou Niakaté,ml MLI,26,Braga,DEF,10.4,0,0,11,1,2,0,57,350,0.0,3.1428571428571432,0.0,9.090909090909092,0.0,0.0,0.0,1.0576923076923077,0.0,0.0,0.28846153846153844,1.1538461538461537,0.5,0.9615384615384615,0.1923076923076923,0.1923076923076923,39.4,Defesas Puros
Pau Victor,es ESP,23,Braga,FWD,25.1,10,4,48,23,5,0,57,350,17.543859649122805,13.714285714285715,24.561403508771928,47.91666666666667,0.20833333333333334,0.43478260869565216,1.279239766081871,1.9123505976095616,0.5179282868525896,21.052631578947366,0.7569721115537849,0.9163346613545816,0.4838709677419355,1.2350597609561753,0.199203187250996,0.199203187250996,52.2,Finalizadores
Rodrigo Zalazar,uy URU,25,Braga,MID,21.6,16,5,68,27,6,0,57,350,28.07017543859649,19.428571428571427,36.84210526315789,39.705882352941174,0.23529411764705882,0.5925925925925926,1.4447884416924666,3.148148148148148,0.5092592592592592,7.142857142857142,3.2407407407407405,0.8796296296296295,0.8235294117647058,0.787037037037037,0.27777777777777773,0.27777777777777773,57.2,Finalizadores
João Aurélio,pt POR,36,Nacional,DEF,14.7,0,0,6,1,3,0,33,339,0.0,1.7699115044247788,0.0,16.666666666666664,0.0,0.0,0.0,0.40816326530612246,0.0,0.0,1.2925170068027212,2.993197278911565,1.263157894736842,1.2925170068027212,0.20408163265306123,0.20408163265306123,65.0,Defesas Puros
Paulinho Bóia,br BRA,27,Nacional,FWD,31.2,4,2,61,26,6,0,33,339,12.121212121212121,17.99410029498525,18.181818181818183,42.62295081967213,0.06557377049180328,0.15384615384615385,0.6736214605067063,1.955128205128205,0.19230769230769232,2.1505376344086025,2.980769230769231,1.0897435897435899,0.6,1.2820512820512822,0.19230769230769232,0.19230769230769232,40.1,Criadores pelos Corredores
Matheus Dias,br BRA,23,Nacional,MID,27.0,0,1,19,4,7,1,33,339,0.0,5.604719764011799,3.0303030303030303,21.052631578947366,0.0,0.0,0.0,0.7037037037037037,0.037037037037037035,20.0,0.18518518518518517,2.5925925925925926,0.5416666666666666,1.7777777777777777,0.2962962962962963,0.37037037037037035,45.4,Contenção / Box-to-Box Defensivo
José Gomes,pt POR,29,Nacional,DEF,25.6,1,5,19,6,3,0,33,339,3.0303030303030303,5.604719764011799,18.181818181818183,31.57894736842105,0.05263157894736842,0.16666666666666666,0.5406698564593302,0.7421875,0.234375,5.376344086021505,3.6328125,1.71875,1.0416666666666667,0.9375,0.1171875,0.1171875,56.7,Contribuição Larga (Cruzamento + Trabalho Defensivo)
Chiheb Labidi,tn TUN,24,Nacional,MID,17.9,1,1,22,7,8,1,33,339,3.0303030303030303,6.489675516224189,6.0606060606060606,31.818181818181817,0.045454545454545456,0.14285714285714285,0.4669421487603306,1.229050279329609,0.111731843575419,9.090909090909092,0.6145251396648045,2.011173184357542,0.6097560975609756,2.2905027932960897,0.5027932960893855,0.6145251396648045,46.9,Contenção / Box-to-Box Defensivo
Liziero,br BRA,27,Nacional,MID,25.9,0,4,26,5,6,0,33,339,0.0,7.669616519174041,12.121212121212121,19.230769230769234,0.0,0.0,0.0,1.0038610038610039,0.15444015444015444,3.2520325203252036,4.749034749034749,2.5482625482625485,1.025,1.5444015444015444,0.23166023166023167,0.23166023166023167,46.5,Contribuição Larga (Cruzamento + Trabalho Defensivo)
Alan Núñez,py PAR,20,Nacional,DEF,18.6,1,2,3,1,2,0,33,339,3.0303030303030303,0.8849557522123894,9.090909090909092,33.33333333333333,0.3333333333333333,1.0,3.424242424242424,0.16129032258064516,0.16129032258064516,3.6363636363636362,2.9569892473118276,2.258064516129032,0.8461538461538461,1.3978494623655913,0.1075268817204301,0.1075268817204301,60.1,Contribuição Larga (Cruzamento + Trabalho Defensivo)
Jesús Ramírez,ve VEN,27,Nacional,FWD,32.0,18,0,108,46,6,0,33,339,54.54545454545454,31.858407079646017,54.54545454545454,42.592592592592595,0.16666666666666666,0.391304347826087,1.712121212121212,3.375,0.375,0.0,0.15625,0.5,0.26666666666666666,1.40625,0.1875,0.1875,53.8,Finalizadores
Léo Santos,br BRA,26,Nacional,DEF,30.2,3,2,23,6,12,0,33,339,9.090909090909092,6.784660766961652,15.151515151515152,26.08695652173913,0.13043478260869565,0.5,1.3399209486166008,0.7615894039735099,0.16556291390728478,22.22222222222222,0.2980132450331126,1.6225165562913908,0.4473684210526316,1.2582781456953642,0.3973509933774835,0.3973509933774835,35.9,Contenção / Box-to-Box Defensivo
Zé Vitor,br BRA,24,Nacional,DEF,29.7,4,1,34,9,10,2,33,339,12.121212121212121,10.029498525073747,15.151515151515152,26.47058823529412,0.11764705882352941,0.4444444444444444,1.2085561497326203,1.144781144781145,0.16835016835016836,20.0,0.16835016835016836,2.760942760942761,0.6440677966101694,1.9865319865319866,0.40404040404040403,0.5387205387205387,48.7,Contenção / Box-to-Box Defensivo
Witi,mz MOZ,28,Nacional,FWD,10.5,1,1,18,5,4,0,33,339,3.0303030303030303,5.3097345132743365,6.0606060606060606,27.77777777777778,0.05555555555555555,0.2,0.5707070707070707,1.7142857142857142,0.19047619047619047,3.225806451612903,2.9523809523809526,1.2380952380952381,0.75,1.1428571428571428,0.38095238095238093,0.38095238095238093,38.7,Criadores pelos Corredores
Ibrahima Ba,sn SEN,20,Famalicão,DEF,18.4,1,1,12,4,4,0,29,337,3.4482758620689653,3.5608308605341246,6.896551724137931,33.33333333333333,0.08333333333333333,0.25,0.9683908045977011,0.6521739130434783,0.10869565217391305,50.0,0.10869565217391305,2.6630434782608696,0.9411764705882353,0.923913043478261,0.2173913043478261,0.2173913043478261,57.0,Contenção / Box-to-Box Defensivo
Gil Bastião Dias,pt POR,28,Famalicão,MID,27.7,4,7,53,16,8,0,29,337,13.793103448275861,15.727002967359049,37.93103448275862,30.18867924528302,0.07547169811320754,0.25,0.8770331815224464,1.9133574007220218,0.39711191335740076,5.555555555555555,4.548736462093863,1.9855595667870036,0.9302325581395349,1.552346570397112,0.2888086642599278,0.2888086642599278,57.1,Criadores pelos Corredores
Pedro Bondo,ao ANG,20,Famalicão,DEF,13.0,0,0,8,1,5,0,29,337,0.0,2.3738872403560833,0.0,12.5,0.0,0.0,0.0,0.6153846153846154,0.0,0.0,2.5384615384615383,1.6923076923076923,1.0666666666666667,1.1538461538461537,0.38461538461538464,0.38461538461538464,44.9,Defesas Puros
Mathias De Amorim,pt POR,20,Famalicão,MID,27.2,4,2,36,9,8,1,29,337,13.793103448275861,10.682492581602373,20.689655172413794,25.0,0.1111111111111111,0.4444444444444444,1.2911877394636015,1.3235294117647058,0.22058823529411764,7.4074074074074066,0.9926470588235294,2.610294117647059,0.7258064516129032,2.2794117647058822,0.33088235294117646,0.40441176470588236,52.9,Contenção / Box-to-Box Defensivo
Simon Elisor,fr FRA,26,Famalicão,FWD,22.7,1,2,43,18,3,0,29,337,3.4482758620689653,12.759643916913946,10.344827586206897,41.86046511627907,0.023255813953488372,0.05555555555555555,0.2702485966319166,1.894273127753304,0.13215859030837004,18.181818181818183,0.4845814977973568,0.4405286343612335,0.2727272727272727,1.4537444933920705,0.13215859030837004,0.13215859030837004,37.2,Finalizadores
Justin de Haas,nl NED,25,Famalicão,DEF,31.0,5,0,21,9,7,0,29,337,17.24137931034483,6.231454005934718,17.24137931034483,42.857142857142854,0.23809523809523808,0.5555555555555556,2.7668308702791466,0.6774193548387096,0.12903225806451613,0.0,0.25806451612903225,1.8709677419354838,0.7714285714285715,1.1290322580645162,0.22580645161290322,0.22580645161290322,47.5,Contenção / Box-to-Box Defensivo
Tom van de Looi,nl NED,26,Famalicão,MID,30.5,0,0,32,4,9,0,29,337,0.0,9.495548961424333,0.0,12.5,0.0,0.0,0.0,1.0491803278688525,0.0,0.0,0.16393442622950818,2.1311475409836067,1.0,1.4754098360655739,0.29508196721311475,0.29508196721311475,33.4,Defesas Puros
Rodrigo Pinheiro,pt POR,22,Famalicão,DEF,28.6,3,2,13,6,5,0,29,337,10.344827586206897,3.857566765578635,17.24137931034483,46.15384615384615,0.23076923076923078,0.5,2.6816976127320955,0.45454545454545453,0.17482517482517482,2.631578947368421,2.657342657342657,1.923076923076923,0.6140350877192983,1.993006993006993,0.17482517482517482,0.17482517482517482,51.9,Contribuição Larga (Cruzamento + Trabalho Defensivo)
Leonardo Realpe,ec ECU,24,Famalicão,DEF,18.9,1,1,7,3,4,1,29,337,3.4482758620689653,2.0771513353115725,6.896551724137931,42.857142857142854,0.14285714285714285,0.3333333333333333,1.6600985221674878,0.3703703703703704,0.10582010582010583,0.0,0.0,2.3280423280423284,0.631578947368421,1.0052910052910053,0.2645502645502646,0.3703703703703704,49.3,Contenção / Box-to-Box Defensivo
Gustavo sá,pt POR,20,Famalicão,MID,30.0,4,2,44,14,7,0,29,337,13.793103448275861,13.056379821958458,20.689655172413794,31.818181818181817,0.09090909090909091,0.2857142857142857,1.056426332288401,1.4666666666666666,0.2,3.7037037037037033,1.8,1.4333333333333333,0.4266666666666667,2.5,0.23333333333333334,0.23333333333333334,45.0,Contribuição Larga (Cruzamento + Trabalho Defensivo)
Rafa Soares,pt POR,30,Famalicão,DEF,19.0,1,3,5,2,4,0,29,337,3.4482758620689653,1.483679525222552,13.793103448275861,40.0,0.2,0.5,2.3241379310344823,0.2631578947368421,0.21052631578947367,3.488372093023256,4.526315789473684,1.6842105263157894,0.5909090909090909,1.1578947368421053,0.21052631578947367,0.21052631578947367,50.4,Contribuição Larga (Cruzamento + Trabalho Defensivo)
Marcos Vinicios Sorriso,br BRA,24,Famalicão,MID,30.9,5,4,63,20,7,0,29,337,17.24137931034483,18.694362017804153,31.03448275862069,31.746031746031743,0.07936507936507936,0.25,0.9222769567597155,2.0388349514563107,0.29126213592233013,2.2857142857142856,5.6634304207119746,1.5857605177993528,0.8235294117647058,1.1003236245954693,0.22653721682847897,0.22653721682847897,49.7,Criadores pelos Corredores
Barbero,es ESP,26,Arouca,FWD,21.0,7,2,57,20,5,0,44,317,15.909090909090908,17.981072555205046,20.454545454545457,35.08771929824561,0.12280701754385964,0.35,0.884768740031898,2.7142857142857144,0.38095238095238093,100.0,0.09523809523809523,1.3333333333333333,0.2692307692307692,2.4761904761904763,0.23809523809523808,0.23809523809523808,52.1,Finalizadores
Naïs Djouahra,fr FRA,25,Arouca,MID,30.3,6,3,49,19,2,0,44,317,13.636363636363635,15.457413249211358,20.454545454545457,38.775510204081634,0.12244897959183673,0.3157894736842105,0.8821892393320963,1.6171617161716172,0.297029702970297,1.948051948051948,5.082508250825082,1.4521452145214522,1.7,0.33003300330033003,0.066006600660066,0.066006600660066,51.9,Criadores pelos Corredores
Espen van Ee,nl NED,22,Arouca,MID,20.8,2,1,14,6,7,0,44,317,4.545454545454546,4.416403785488959,6.8181818181818175,42.857142857142854,0.14285714285714285,0.3333333333333333,1.0292207792207793,0.673076923076923,0.14423076923076922,10.0,0.4807692307692307,3.317307692307692,0.9743589743589743,1.875,0.3365384615384615,0.3365384615384615,63.8,Contenção / Box-to-Box Defensivo
Tiago Esgaio,pt POR,29,Arouca,DEF,27.3,3,5,16,4,10,0,44,317,6.8181818181818175,5.047318611987381,18.181818181818183,25.0,0.1875,0.75,1.3508522727272727,0.5860805860805861,0.29304029304029305,10.0,1.8315018315018314,1.8315018315018314,0.525,1.465201465201465,0.3663003663003663,0.3663003663003663,41.9,Contribuição Larga (Cruzamento + Trabalho Defensivo)
José Fontán,es ESP,25,Arouca,DEF,28.3,2,3,15,4,11,3,44,317,4.545454545454546,4.73186119873817,11.363636363636363,26.666666666666668,0.13333333333333333,0.5,0.9606060606060607,0.5300353356890459,0.17667844522968199,15.0,0.7067137809187279,1.872791519434629,0.5135135135135135,1.3074204946996466,0.4946996466431095,0.7067137809187279,35.8,Contenção / Box-to-Box Defensivo
Taichi Fukui,jp JPN,21,Arouca,MID,28.0,4,3,28,8,2,1,44,317,9.090909090909092,8.832807570977918,15.909090909090908,28.57142857142857,0.14285714285714285,0.5,1.0292207792207793,1.0,0.25,15.789473684210526,0.6785714285714286,2.392857142857143,2.0526315789473686,0.6785714285714286,0.10714285714285714,0.17857142857142858,55.2,Contenção / Box-to-Box Defensivo
Pablo Gozalbez,es ESP,24,Arouca,MID,11.9,1,2,21,7,4,0,44,317,2.272727272727273,6.624605678233439,6.8181818181818175,33.33333333333333,0.047619047619047616,0.14285714285714285,0.3430735930735931,1.7647058823529411,0.25210084033613445,7.142857142857142,2.3529411764705883,2.0168067226890756,0.7083333333333334,2.0168067226890756,0.3361344537815126,0.3361344537815126,53.1,Contribuição Larga (Cruzamento + Trabalho Defensivo)
Lee Hyunju,kr KOR,22,Arouca,MID,22.3,7,3,32,11,9,2,44,317,15.909090909090908,10.094637223974763,22.727272727272727,34.375,0.21875,0.6363636363636364,1.5759943181818181,1.4349775784753362,0.44843049327354256,21.428571428571427,0.6278026905829596,0.5829596412556054,0.14634146341463414,1.8385650224215246,0.49327354260089684,0.6726457399103138,52.2,Finalizadores
Bas Kuipers,nl NED,30,Arouca,DEF,15.0,1,2,9,2,3,0,44,317,2.272727272727273,2.8391167192429023,6.8181818181818175,22.22222222222222,0.1111111111111111,0.5,0.8005050505050505,0.6,0.2,8.333333333333332,1.6,1.0666666666666667,0.625,0.5333333333333333,0.2,0.2,40.9,Contenção / Box-to-Box Defensivo
Dylan Nandín,uy URU,23,Arouca,FWD,10.3,1,2,17,7,2,1,44,317,2.272727272727273,5.3627760252365935,6.8181818181818175,41.17647058823529,0.058823529411764705,0.14285714285714285,0.4237967914438503,1.6504854368932038,0.2912621359223301,40.0,0.48543689320388345,1.3592233009708736,0.5217391304347826,2.233009708737864,0.2912621359223301,0.48543689320388345,41.3,Finalizadores
Boris Popović,rs SRB,25,Arouca,DEF,12.9,1,0,6,2,3,0,44,317,2.272727272727273,1.8927444794952681,2.272727272727273,33.33333333333333,0.16666666666666666,0.5,1.200757575757576,0.46511627906976744,0.07751937984496124,0.0,0.0,1.4728682170542635,0.5384615384615384,1.0077519379844961,0.23255813953488372,0.23255813953488372,41.0,Contenção / Box-to-Box Defensivo
Javi Sánchez,es ESP,28,Arouca,DEF,13.6,0,1,6,1,6,0,44,317,0.0,1.8927444794952681,2.272727272727273,16.666666666666664,0.0,0.0,0.0,0.4411764705882353,0.07352941176470588,50.0,0.14705882352941177,1.6911764705882353,1.1,0.7352941176470589,0.4411764705882353,0.4411764705882353,39.9,Defesas Puros
Alfonso Trezza,uy URU,26,Arouca,MID,25.7,9,2,47,19,2,1,44,317,20.454545454545457,14.826498422712934,25.0,40.42553191489361,0.19148936170212766,0.47368421052631576,1.3795938104448744,1.828793774319066,0.42801556420233466,2.857142857142857,2.7237354085603114,1.0894941634241246,0.5555555555555556,1.4007782101167316,0.11673151750972763,0.19455252918287938,55.3,Finalizadores
Jan Bednarek,pl POL,29,Porto,DEF,29.8,2,0,13,4,8,0,55,435,3.6363636363636362,2.9885057471264367,3.6363636363636362,30.76923076923077,0.15384615384615385,0.5,1.2167832167832169,0.436241610738255,0.06711409395973154,0.0,0.03355704697986577,1.912751677852349,0.24324324324324326,1.2416107382550334,0.2684563758389262,0.2684563758389262,41.9,Contenção / Box-to-Box Defensivo
Alberto costa,pt POR,21,Porto,DEF,24.7,1,8,24,6,7,0,55,435,1.8181818181818181,5.517241379310345,16.363636363636363,25.0,0.041666666666666664,0.16666666666666666,0.32954545454545453,0.9716599190283401,0.3643724696356275,13.333333333333334,2.4291497975708505,2.91497975708502,0.7166666666666667,2.4291497975708505,0.2834008097165992,0.2834008097165992,58.4,Contribuição Larga (Cruzamento + Trabalho Defensivo)
Martim Fernandes,pt POR,19,Porto,DEF,12.4,1,1,4,2,4,1,55,435,1.8181818181818181,0.9195402298850575,3.6363636363636362,50.0,0.25,0.5,1.9772727272727273,0.3225806451612903,0.16129032258064516,3.0303030303030303,2.661290322580645,2.903225806451613,1.8571428571428572,1.129032258064516,0.4032258064516129,0.564516129032258,62.9,Contribuição Larga (Cruzamento + Trabalho Defensivo)
Victor Froholdt,dk DEN,19,Porto,MID,31.9,6,6,40,11,2,0,55,435,10.909090909090908,9.195402298850574,21.818181818181817,27.500000000000004,0.15,0.5454545454545454,1.1863636363636363,1.2539184952978057,0.3761755485893417,19.35483870967742,0.9717868338557994,1.9122257053291536,0.6923076923076923,1.2225705329153607,0.06269592476489029,0.06269592476489029,56.6,Contenção / Box-to-Box Defensivo
William Gomes,br BRA,19,Porto,FWD,13.0,8,1,42,18,5,1,55,435,14.545454545454545,9.655172413793103,16.363636363636363,42.857142857142854,0.19047619047619047,0.4444444444444444,1.5064935064935066,3.230769230769231,0.6153846153846154,1.8181818181818181,4.230769230769231,1.6923076923076923,0.5483870967741935,2.3846153846153846,0.46153846153846156,0.6153846153846154,57.4,Criadores pelos Corredores
Deniz Gül,tr TUR,21,Porto,FWD,13.1,5,1,26,13,3,0,55,435,9.090909090909092,5.977011494252873,10.909090909090908,50.0,0.19230769230769232,0.38461538461538464,1.5209790209790213,1.984732824427481,0.3816793893129771,25.0,0.3053435114503817,0.5343511450381679,0.13513513513513514,2.8244274809160306,0.22900763358778625,0.22900763358778625,50.5,Finalizadores
Jakub Kiwior,pl POL,25,Porto,DEF,24.6,0,1,16,5,3,0,55,435,0.0,3.67816091954023,1.8181818181818181,31.25,0.0,0.0,0.0,0.6504065040650406,0.04065040650406504,33.33333333333333,0.12195121951219512,2.926829268292683,1.25,1.1382113821138211,0.12195121951219512,0.12195121951219512,65.8,Contenção / Box-to-Box Defensivo
Rodrigo Mora,pt POR,18,Porto,MID,13.1,1,1,37,8,1,0,55,435,1.8181818181818181,8.505747126436782,3.6363636363636362,21.62162162162162,0.02702702702702703,0.125,0.21375921375921372,2.8244274809160306,0.15267175572519084,1.3513513513513513,5.648854961832061,1.6030534351145038,2.142857142857143,0.5343511450381679,0.07633587786259542,0.07633587786259542,39.6,Criadores pelos Corredores
Moura,pt POR,25,Porto,DEF,14.6,2,2,11,3,5,0,55,435,3.6363636363636362,2.528735632183908,7.2727272727272725,27.27272727272727,0.18181818181818182,0.6666666666666666,1.4380165289256197,0.7534246575342466,0.273972602739726,5.405405405405405,2.5342465753424657,2.0547945205479454,0.55,1.36986301369863,0.3424657534246575,0.3424657534246575,46.2,Contribuição Larga (Cruzamento + Trabalho Defensivo)
Samu Omorodion,es ESP,21,Porto,FWD,15.6,13,1,55,32,2,0,55,435,23.636363636363637,12.643678160919542,25.454545454545453,58.18181818181818,0.23636363636363636,0.40625,1.8694214876033055,3.5256410256410255,0.576923076923077,20.0,0.32051282051282054,0.12820512820512822,0.0,1.153846153846154,0.12820512820512822,0.12820512820512822,61.1,Finalizadores
Pepê,br BRA,28,Porto,FWD,24.7,3,4,27,7,2,0,55,435,5.454545454545454,6.206896551724138,12.727272727272727,25.925925925925924,0.1111111111111111,0.42857142857142855,0.8787878787878787,1.0931174089068827,0.2834008097165992,4.2105263157894735,3.8461538461538463,1.417004048582996,1.15,0.8097165991902834,0.08097165991902834,0.08097165991902834,40.7,Criadores pelos Corredores
Pablo Rosario,do DOM,28,Porto,MID,15.2,2,1,12,3,6,0,55,435,3.6363636363636362,2.7586206896551726,5.454545454545454,25.0,0.16666666666666666,0.6666666666666666,1.3181818181818181,0.7894736842105263,0.19736842105263158,16.666666666666664,0.39473684210526316,1.9078947368421053,0.5909090909090909,1.4473684210526316,0.39473684210526316,0.39473684210526316,47.7,Contenção / Box-to-Box Defensivo
Borja Sainz,es ESP,24,Porto,FWD,17.8,5,3,51,19,5,0,55,435,9.090909090909092,11.724137931034482,14.545454545454545,37.254901960784316,0.09803921568627451,0.2631578947368421,0.7754010695187167,2.8651685393258424,0.449438202247191,21.428571428571427,0.7865168539325842,1.348314606741573,0.42424242424242425,1.8539325842696628,0.28089887640449435,0.28089887640449435,49.4,Finalizadores
Zaidu Sanusi,ng NGA,28,Porto,DEF,11.1,1,1,6,1,2,0,55,435,1.8181818181818181,1.3793103448275863,3.6363636363636362,16.666666666666664,0.16666666666666666,1.0,1.3181818181818181,0.5405405405405406,0.1801801801801802,3.8461538461538463,2.3423423423423424,1.8918918918918919,1.25,0.7207207207207208,0.1801801801801802,0.1801801801801802,56.0,Defesas Puros
Alan Varela,ar ARG,24,Porto,MID,25.7,2,0,25,10,8,0,55,435,3.6363636363636362,5.747126436781609,3.6363636363636362,40.0,0.08,0.2,0.6327272727272727,0.9727626459143969,0.038910505836575876,0.0,0.7392996108949417,1.7120622568093387,0.48148148148148145,1.0505836575875487,0.311284046692607,0.311284046692607,43.7,Contenção / Box-to-Box Defensivo
Gabriel Veiga,es ESP,23,Porto,MID,17.9,3,8,46,13,6,0,55,435,5.454545454545454,10.574712643678161,20.0,28.26086956521739,0.06521739130434782,0.23076923076923078,0.5158102766798418,2.569832402234637,0.6145251396648045,7.079646017699115,6.312849162011173,2.569832402234637,0.967741935483871,1.7318435754189945,0.335195530726257,0.335195530726257,70.2,Criadores pelos Corredores
Rafael Brito,pt POR,23,Casa Pia,MID,16.8,2,1,11,4,5,0,23,221,8.695652173913043,4.97737556561086,13.043478260869565,36.36363636363637,0.18181818181818182,0.5,1.7470355731225296,0.6547619047619048,0.17857142857142858,14.285714285714285,0.41666666666666663,1.9047619047619047,0.42424242424242425,1.9642857142857142,0.2976190476190476,0.2976190476190476,51.6,Contenção / Box-to-Box Defensivo
Cassiano,br BRA,36,Casa Pia,FWD,20.8,6,0,29,12,5,1,23,221,26.08695652173913,13.122171945701359,26.08695652173913,41.37931034482759,0.20689655172413793,0.5,1.988005997001499,1.3942307692307692,0.1923076923076923,0.0,0.1923076923076923,0.7211538461538461,0.23529411764705882,2.4519230769230766,0.28846153846153844,0.3846153846153846,46.2,Finalizadores
Abdu Conté,pt POR,27,Casa Pia,MID,15.8,0,2,7,0,1,0,23,221,0.0,3.167420814479638,8.695652173913043,0.0,0.0,0.0,0.0,0.4430379746835443,0.12658227848101264,2.5,5.063291139240506,1.4556962025316456,0.6,1.8987341772151898,0.06329113924050632,0.06329113924050632,28.0,Defesas Puros
José Fonte,pt POR,41,Casa Pia,DEF,16.0,1,0,9,3,3,0,23,221,4.3478260869565215,4.072398190045249,4.3478260869565215,33.33333333333333,0.1111111111111111,0.3333333333333333,1.067632850241546,0.5625,0.0625,0.0,0.125,1.25,0.5,0.875,0.1875,0.1875,40.4,Contenção / Box-to-Box Defensivo
André Geraldes,pt POR,34,Casa Pia,DEF,22.2,0,0,1,1,9,0,23,221,0.0,0.4524886877828055,0.0,100.0,0.0,0.0,0.0,0.04504504504504505,0.0,0.0,0.4954954954954955,0.9459459459459459,0.36,1.1261261261261262,0.40540540540540543,0.40540540540540543,28.3,Contenção / Box-to-Box Defensivo
João Goulart Silva,pt POR,25,Casa Pia,DEF,21.3,1,0,6,2,4,0,23,221,4.3478260869565215,2.7149321266968327,4.3478260869565215,33.33333333333333,0.16666666666666666,0.5,1.6014492753623186,0.28169014084507044,0.046948356807511735,0.0,0.14084507042253522,1.971830985915493,0.43333333333333335,1.408450704225352,0.18779342723004694,0.18779342723004694,47.2,Contenção / Box-to-Box Defensivo
Khaly,ao ANG,21,Casa Pia,DEF,11.0,0,0,2,0,5,0,23,221,0.0,0.904977375565611,0.0,0.0,0.0,0.0,0.0,0.18181818181818182,0.0,0.0,0.09090909090909091,2.090909090909091,1.3333333333333333,0.8181818181818182,0.45454545454545453,0.45454545454545453,45.2,Defesas Puros
Larra,es ESP,27,Casa Pia,MID,31.6,5,4,48,21,6,0,23,221,21.73913043478261,21.71945701357466,39.130434782608695,43.75,0.10416666666666667,0.23809523809523808,1.0009057971014492,1.5189873417721518,0.28481012658227844,5.0,2.531645569620253,1.9620253164556962,1.0,0.9493670886075949,0.18987341772151897,0.18987341772151897,58.2,Contribuição Larga (Cruzamento + Trabalho Defensivo)
Jérémy Livolant,fr FRA,27,Casa Pia,FWD,30.7,3,8,46,16,4,1,23,221,13.043478260869565,20.81447963800905,47.82608695652174,34.78260869565217,0.06521739130434782,0.1875,0.6266540642722117,1.498371335504886,0.32573289902280134,4.624277456647398,5.635179153094462,1.237785016286645,1.04,0.8143322475570033,0.16286644951140067,0.22801302931596093,40.6,Criadores pelos Corredores
Dailon Livramento,cv CPV,24,Casa Pia,FWD,10.5,0,1,22,7,2,0,23,221,0.0,9.95475113122172,4.3478260869565215,31.818181818181817,0.0,0.0,0.0,2.0952380952380953,0.09523809523809523,7.6923076923076925,1.2380952380952381,0.38095238095238093,0.11764705882352941,1.619047619047619,0.19047619047619047,0.19047619047619047,35.5,Finalizadores
Iyad Mohamed,km COM,24,Casa Pia,MID,10.6,1,0,3,1,5,0,23,221,4.3478260869565215,1.3574660633484164,4.3478260869565215,33.33333333333333,0.3333333333333333,1.0,3.2028985507246372,0.2830188679245283,0.09433962264150944,0.0,1.9811320754716981,3.30188679245283,0.4411764705882353,3.207547169811321,0.4716981132075472,0.4716981132075472,55.9,Contribuição Larga (Cruzamento + Trabalho Defensivo)
Renato Nhaga,gw GNB,18,Casa Pia,MID,13.0,2,0,10,3,4,0,23,221,8.695652173913043,4.524886877828054,8.695652173913043,30.0,0.2,0.6666666666666666,1.9217391304347826,0.7692307692307693,0.15384615384615385,0.0,0.6153846153846154,1.8461538461538463,0.7666666666666667,2.3076923076923075,0.3076923076923077,0.3076923076923077,45.1,Contenção / Box-to-Box Defensivo
Sebastián Pérez Cardona,co COL,32,Casa Pia,MID,17.4,0,0,8,1,5,0,23,221,0.0,3.619909502262444,0.0,12.5,0.0,0.0,0.0,0.4597701149425288,0.0,0.0,0.6896551724137931,2.4137931034482762,1.0,1.4942528735632186,0.2873563218390805,0.2873563218390805,35.7,Defesas Puros
David Sousa,br BRA,24,Casa Pia,DEF,25.2,2,0,19,5,13,0,23,221,8.695652173913043,8.597285067873303,8.695652173913043,26.31578947368421,0.10526315789473684,0.4,1.011441647597254,0.753968253968254,0.07936507936507936,0.0,0.2777777777777778,3.0952380952380953,0.7619047619047619,1.6666666666666667,0.5158730158730159,0.5158730158730159,48.9,Contenção / Box-to-Box Defensivo
Jovane Cabral,cv CPV,27,Estrela,MID,18.6,7,1,55,23,5,0,33,285,21.21212121212121,19.298245614035086,24.242424242424242,41.81818181818181,0.12727272727272726,0.30434782608695654,1.0991735537190084,2.9569892473118276,0.3763440860215054,3.7037037037037033,1.4516129032258063,1.9892473118279568,0.6744186046511628,2.311827956989247,0.26881720430107525,0.26881720430107525,61.1,Finalizadores
Atanas Chernev,bg BUL,23,Estrela,DEF,11.3,0,0,7,1,4,0,33,285,0.0,2.456140350877193,0.0,14.285714285714285,0.0,0.0,0.0,0.6194690265486725,0.0,0.0,0.17699115044247787,0.8849557522123893,0.5384615384615384,1.1504424778761062,0.35398230088495575,0.35398230088495575,30.6,Defesas Puros
Jefferson Encada,gw GNB,27,Estrela,DEF,17.1,0,2,3,2,7,0,33,285,0.0,1.0526315789473684,6.0606060606060606,66.66666666666666,0.0,0.0,0.0,0.17543859649122806,0.11695906432748537,3.9215686274509802,2.982456140350877,1.7543859649122806,0.6153846153846154,1.5204678362573099,0.4093567251461988,0.4093567251461988,41.7,Contribuição Larga (Cruzamento + Trabalho Defensivo)
Kikas,pt POR,26,Estrela,FWD,13.4,6,1,30,16,0,0,33,285,18.181818181818183,10.526315789473683,21.21212121212121,53.333333333333336,0.2,0.375,1.7272727272727275,2.2388059701492535,0.5223880597014925,20.0,0.3731343283582089,0.22388059701492538,0.0625,1.1940298507462686,0.0,0.0,54.1,Finalizadores
Sidny Lopes Cabral,cv CPV,22,Estrela,MID,14.7,5,3,33,12,3,0,33,285,15.151515151515152,11.578947368421053,24.242424242424242,36.36363636363637,0.15151515151515152,0.4166666666666667,1.3085399449035813,2.2448979591836737,0.3401360544217687,2.631578947368421,7.755102040816327,1.4285714285714286,0.4166666666666667,1.6326530612244898,0.20408163265306123,0.20408163265306123,52.6,Criadores pelos Corredores
Abraham Marcus,ng NGA,25,Estrela,MID,28.5,5,5,45,13,2,1,33,285,15.151515151515152,15.789473684210526,30.303030303030305,28.888888888888886,0.1111111111111111,0.38461538461538464,0.9595959595959597,1.5789473684210527,0.3508771929824561,6.944444444444445,2.526315789473684,1.2280701754385965,0.7931034482758621,1.0175438596491229,0.10526315789473684,0.17543859649122806,48.8,Criadores pelos Corredores
Paulo Moreira,pt POR,25,Estrela,MID,26.4,3,2,14,6,7,1,33,285,9.090909090909092,4.912280701754386,15.151515151515152,42.857142857142854,0.21428571428571427,0.5,1.8506493506493507,0.5303030303030303,0.1893939393939394,15.384615384615385,0.49242424242424243,1.4393939393939394,0.5897435897435898,1.4772727272727273,0.30303030303030304,0.3787878787878788,51.3,Contenção / Box-to-Box Defensivo
Otávio,br BRA,19,Estrela,DEF,15.0,0,1,3,1,5,0,33,285,0.0,1.0526315789473684,3.0303030303030303,33.33333333333333,0.0,0.0,0.0,0.2,0.06666666666666667,20.0,0.3333333333333333,4.2,0.9259259259259259,1.8,0.3333333333333333,0.3333333333333333,68.5,Contenção / Box-to-Box Defensivo
Luan Patrick,br BRA,23,Estrela,DEF,29.8,0,0,2,0,4,1,33,285,0.0,0.7017543859649122,0.0,0.0,0.0,0.0,0.0,0.06711409395973154,0.0,0.0,0.16778523489932887,2.1476510067114094,1.1923076923076923,0.87248322147651,0.16778523489932887,0.2348993288590604,55.7,Defesas Puros
Rodrigo Pinho,br BRA,34,Estrela,FWD,13.2,4,1,40,15,5,0,33,285,12.121212121212121,14.035087719298245,15.151515151515152,37.5,0.1,0.26666666666666666,0.8636363636363636,3.0303030303030303,0.30303030303030304,50.0,0.15151515151515152,0.6060606060606061,0.19230769230769232,1.9696969696969697,0.3787878787878788,0.3787878787878788,49.2,Finalizadores
Robinho,br BRA,22,Estrela,MID,10.5,0,1,6,0,5,0,33,285,0.0,2.1052631578947367,3.0303030303030303,0.0,0.0,0.0,0.0,0.5714285714285714,0.09523809523809523,20.0,0.47619047619047616,3.4285714285714284,0.7894736842105263,1.8095238095238095,0.47619047619047616,0.47619047619047616,45.3,Defesas Puros
Bernardo Schappo,br BRA,26,Estrela,DEF,22.8,0,0,11,1,6,0,33,285,0.0,3.8596491228070176,0.0,9.090909090909092,0.0,0.0,0.0,0.4824561403508772,0.0,0.0,0.0,2.324561403508772,0.9285714285714286,1.2280701754385965,0.2631578947368421,0.2631578947368421,51.6,Defesas Puros
Ianis Stoica,ro ROU,22,Estrela,MID,18.6,3,2,36,9,4,0,33,285,9.090909090909092,12.631578947368421,15.151515151515152,25.0,0.08333333333333333,0.3333333333333333,0.7196969696969697,1.9354838709677418,0.2150537634408602,4.3478260869565215,2.4731182795698925,1.5053763440860215,0.75,1.075268817204301,0.2150537634408602,0.2150537634408602,43.3,Criadores pelos Corredores
